TRUNCATE TABLE "Location", "ProductType", "NewsCategory", "WikiTopic", "BusinessType", "User", "BusinessProfile", "Project", "BusinessProjectParticipation", "ProjectZones", "ProductSale", "ProductRent" CASCADE;
INSERT INTO "Location" (id, name, slug, type, parent_id) VALUES
('toan-quoc', 'Toàn quốc', 'toan-quoc', 'COUNTRY', NULL),
('tp-hcm', 'TP. Hồ Chí Minh', 'tp-hcm', 'CITY', 'toan-quoc'),
('ha-noi', 'Hà Nội', 'ha-noi', 'CITY', 'toan-quoc'),
('ba-ria-vung-tau', 'Tỉnh Bà Rịa - Vũng Tàu', 'ba-ria-vung-tau', 'CITY', 'toan-quoc'),
('khanh-hoa', 'Tỉnh Khánh Hòa', 'khanh-hoa', 'CITY', 'toan-quoc'),
('binh-duong', 'Tỉnh Bình Dương', 'binh-duong', 'CITY', 'toan-quoc'),
('thanh-pho-da-nang', 'TP. Đà Nẵng', 'da-nang', 'CITY', 'toan-quoc'),
('kien-giang', 'Tỉnh Kiên Giang', 'kien-giang', 'CITY', 'toan-quoc'),
('thanh-pho-hai-phong', 'TP. Hải Phòng', 'hai-phong', 'CITY', 'toan-quoc'),
('can-tho', 'TP. Cần Thơ', 'can-tho', 'CITY', 'toan-quoc'),
('quang-ninh', 'Tỉnh Quảng Ninh', 'quang-ninh', 'CITY', 'toan-quoc'),
('long-an', 'Tỉnh Long An', 'long-an', 'CITY', 'toan-quoc'),
('dong-nai', 'Tỉnh Đồng Nai', 'dong-nai', 'CITY', 'toan-quoc'),
('quan-ba-dinh', 'Quận Ba Đình', 'ba-dinh', 'DISTRICT', 'ha-noi'),
('quan-bac-tu-liem', 'Quận Bắc Từ Liêm', 'bac-tu-liem', 'DISTRICT', 'ha-noi'),
('thanh-pho-thu-duc', 'Thành phố Thủ Đức', 'thanh-pho-thu-duc', 'DISTRICT', 'tp-hcm'),
('quan-1', 'Quận 1', 'quan-1', 'DISTRICT', 'tp-hcm'),
('quan-3', 'Quận 3', 'quan-3', 'DISTRICT', 'tp-hcm'),
('quan-4', 'Quận 4', 'quan-4', 'DISTRICT', 'tp-hcm'),
('quan-5', 'Quận 5', 'quan-5', 'DISTRICT', 'tp-hcm'),
('quan-6', 'Quận 6', 'quan-6', 'DISTRICT', 'tp-hcm'),
('quan-7', 'Quận 7', 'quan-7', 'DISTRICT', 'tp-hcm'),
('quan-8', 'Quận 8', 'quan-8', 'DISTRICT', 'tp-hcm'),
('quan-10', 'Quận 10', 'quan-10', 'DISTRICT', 'tp-hcm'),
('quan-11', 'Quận 11', 'quan-11', 'DISTRICT', 'tp-hcm'),
('quan-12', 'Quận 12', 'quan-12', 'DISTRICT', 'tp-hcm'),
('quan-go-vap', 'Quận Gò Vấp', 'go-vap', 'DISTRICT', 'tp-hcm'),
('quan-tan-binh', 'Quận Tân Bình', 'tan-binh', 'DISTRICT', 'tp-hcm'),
('quan-tan-phu', 'Quận Tân Phú', 'tan-phu', 'DISTRICT', 'tp-hcm'),
('quan-binh-thanh', 'Quận Bình Thạnh', 'binh-thanh', 'DISTRICT', 'tp-hcm'),
('quan-phu-nhuan', 'Quận Phú Nhuận', 'phu-nhuan', 'DISTRICT', 'tp-hcm'),
('quan-binh-tan', 'Quận Bình Tân', 'binh-tan', 'DISTRICT', 'tp-hcm'),
('huyen-hoa-vang', 'Huyện Hòa Vang', 'huyen-hoa-vang', 'DISTRICT', 'thanh-pho-da-nang'),
('quan-ngo-quyen', 'Quận Ngô Quyền', 'quan-ngo-quyen', 'DISTRICT', 'thanh-pho-hai-phong'),
('thanh-pho-nha-trang', 'Thành phố Nha Trang', 'thanh-pho-nha-trang', 'DISTRICT', 'khanh-hoa'),
('thanh-pho-ha-long', 'Thành phố Hạ Long', 'thanh-pho-ha-long', 'DISTRICT', 'quang-ninh'),
('thanh-pho-thu-dau-mot', 'Thành phố Thủ Dầu Một', 'thanh-pho-thu-dau-mot', 'DISTRICT', 'binh-duong'),
('quan-binh-thuy', 'Quận Bình Thủy', 'quan-binh-thuy', 'DISTRICT', 'can-tho'),
('thanh-pho-phu-quoc', 'Thành phố Phú Quốc', 'thanh-pho-phu-quoc', 'DISTRICT', 'kien-giang');


INSERT INTO "ProjectType" (id, name, slug) VALUES ('chung-cu', 'Chung cư', 'chung-cu'), ('khu-do-thi', 'Khu đô thị', 'khu-do-thi'), ('khu-nghi-duong', 'Khu nghỉ dưỡng', 'khu-nghi-duong'), ('khu-nghi-duong-san-golf', 'Khu nghỉ dưỡng sân golf', 'khu-nghi-duong-san-golf');
INSERT INTO "ProductType" (id, name, slug) VALUES ('can-ho', 'Căn hộ', 'can-ho'), ('shophouse', 'Shophouse', 'shophouse'), ('biet-thu', 'Biệt thự', 'biet-thu'), ('nha-pho', 'Nhà phố', 'nha-pho'), ('biet-thu-nghi-duong', 'Biệt thự nghỉ dưỡng', 'biet-thu-nghi-duong'), ('van-phong', 'Văn phòng', 'van-phong'), ('mat-bang-thuong-mai', 'Mặt bằng thương mại', 'mat-bang-thuong-mai'), ('nha-lien-ke', 'Nhà liền kề', 'nha-lien-ke'), ('can-ho-khach-san', 'Căn hộ khách sạn', 'can-ho-khach-san'), ('dat-nen', 'Đất nền', 'dat-nen');
INSERT INTO "NewsCategory" (id, name, slug) VALUES ('news-du-an', 'Tin Dự án', 'du-an'), ('news-thi-truong', 'Tin Thị trường', 'thi-truong'), ('news-chinh-sach', 'Chính sách', 'chinh-sach'), ('news-phong-thuy', 'Phong thủy', 'phong-thuy');
INSERT INTO "WikiTopic" (id, name, slug) VALUES ('wiki-phap-ly', 'Pháp lý', 'phap-ly'), ('wiki-dau-tu', 'Kinh nghiệm Đầu tư', 'dau-tu'), ('wiki-tai-chinh', 'Tài chính & Ngân hàng', 'tai-chinh'), ('wiki-phong-thuy', 'Phong thủy', 'phong-thuy'), ('wiki-kien-truc', 'Kiến trúc & Nội thất', 'kien-truc');
INSERT INTO "BusinessType" (id, name, slug) VALUES ('biz-type-cdt', 'Chủ đầu tư', 'chu-dau-tu'), ('biz-type-nt', 'Nhà thầu xây dựng', 'nha-thau'), ('biz-type-qlda', 'Đơn vị quản lý & vận hành', 'quan-ly-van-hanh'), ('biz-type-tk', 'Đơn vị thiết kế', 'don-vi-thiet-ke'), ('biz-type-mg', 'Sàn môi giới', 'san-moi-gioi');
INSERT INTO "User" (id, username, email, password_hash, full_name, role) VALUES ('user-admin', 'admin', 'admin@example.com', 'hash', 'Admin', 'ADMIN');

INSERT INTO "BusinessProfile" (id, name, slug, business_type_id, description, content_detail, published_date, cached_business_type_slug) VALUES
('biz-nova', 'Tập đoàn Novaland', 'novaland', 'biz-type-cdt', 'Nhà phát triển bất động sản hàng đầu Việt Nam.', '<h3>Về Novaland</h3><p>Nổi tiếng với các khu đô thị vệ tinh và các tổ hợp nghỉ dưỡng như Aqua City, Novaworld Phan Thiet, Novaworld Ho Tram.</p>', '2025-06-09T18:00:00Z', 'chu-dau-tu'),
('biz-hoabinh', 'Tập đoàn Xây dựng Hòa Bình (HBC)', 'hoa-binh-group', 'biz-type-nt', 'Tổng thầu xây dựng uy tín với nhiều công trình lớn.', '<h3>Về Hòa Bình (HBC)</h3><p>HBC là tổng thầu của nhiều dự án lớn, áp dụng công nghệ xây dựng tiên tiến.</p>', '2025-06-09T18:00:00Z', 'nha-thau'),
('biz-vingroup', 'Tập đoàn Vingroup (Vinhomes)', 'vingroup-vinhomes', 'biz-type-cdt', 'Nhà phát triển bất động sản số 1 Việt Nam.', '<h3>Về Vinhomes</h3><p>Nổi tiếng với việc phát triển các đại đô thị thông minh như Vinhomes Grand Park, Vinhomes Ocean Park, Vinhomes Smart City.</p>', '2025-06-09T18:00:00Z', 'chu-dau-tu'),
('biz-coteccons', 'Coteccons', 'coteccons', 'biz-type-nt', 'Một trong những công ty xây dựng hàng đầu Việt Nam.', '<h3>Về Coteccons (CTD)</h3><p>Coteccons là tổng thầu của các dự án lớn như Landmark 81, The Marq.</p>', '2025-02-02T10:00:00Z', 'nha-thau'),
('biz-vinhomes-realty', 'Vinhomes Realty', 'vinhomes-realty', 'biz-type-mg', 'Hệ thống phân phối và kinh doanh bất động sản chính thức của Vinhomes.', '<h3>Về Vinhomes Realty</h3><p>Là đơn vị chịu trách nhiệm phân phối các sản phẩm bất động sản trong hệ sinh thái Vinhomes, đảm bảo dịch vụ chuyên nghiệp và thông tin chính xác.</p>', '2025-06-11T09:00:00Z', 'san-moi-gioi'),
('biz-sungroup', 'Tập đoàn Sun Group', 'sun-group', 'biz-type-cdt', 'Tập đoàn hàng đầu về du lịch nghỉ dưỡng, vui chơi giải trí và BĐS cao cấp.', '<h3>Về Sun Group</h3><p>Sun Group là chủ đầu tư của những công trình mang dấu ấn vượt thời gian như InterContinental Danang, JW Marriott Phu Quoc và hệ thống Sun World.</p>', '2025-06-11T11:00:00Z', 'chu-dau-tu'),
('biz-unicon', 'Unicons', 'unicons', 'biz-type-nt', 'Tổng thầu xây dựng uy tín, thành viên của Coteccons Group.', '<h3>Về Unicons</h3><p>Unicons đã khẳng định vị thế qua nhiều dự án công nghiệp, thương mại và dân dụng, là một trong những nhà thầu xây dựng hàng đầu thị trường.</p>', '2025-06-11T14:00:00Z', 'nha-thau'),
('biz-wsp', 'WSP', 'wsp', 'biz-type-tk', 'Tập đoàn tư vấn thiết kế và kỹ thuật đa quốc gia.', '<h3>Về WSP</h3><p>WSP cung cấp các dịch vụ kỹ thuật và tư vấn chuyên nghiệp cho môi trường xây dựng và tự nhiên, tham gia vào nhiều dự án biểu tượng toàn cầu.</p>', '2025-06-12T09:30:00Z', 'don-vi-thiet-ke'),
('biz-dojiland', 'DOJILAND', 'dojiland', 'biz-type-cdt', 'Nhà phát triển bất động sản thuộc Tập đoàn Vàng bạc Đá quý DOJI.', '<h3>Về DOJILAND</h3><p>DOJILAND tập trung vào các dự án bất động sản nghệ thuật kim hoàn, kiến tạo những công trình độc đáo với chất lượng và thẩm mỹ vượt trội.</p>', '2025-06-12T10:00:00Z', 'chu-dau-tu'),
('biz-newtecons', 'Newtecons', 'newtecons', 'biz-type-nt', 'Tổng thầu thi công chuyên nghiệp, có kinh nghiệm đa dạng các loại hình dự án.', '<h3>Về Newtecons</h3><p>Là một trong những tổng thầu xây dựng hàng đầu Việt Nam, Newtecons đã thực hiện thành công nhiều dự án quy mô lớn trong và ngoài nước.</p>', '2025-06-12T11:00:00Z', 'nha-thau'),
('biz-artelia-group', 'Artelia Group', 'artelia-group', 'biz-type-qlda', 'Tập đoàn quốc tế về tư vấn, kỹ thuật và quản lý dự án.', '<h3>Về Artelia Group</h3><p>Artelia cung cấp dịch vụ quản lý và giám sát dự án xây dựng, đảm bảo tiến độ, chất lượng và an toàn cho các công trình.</p>', '2025-06-12T13:00:00Z', 'quan-ly-van-hanh'),
('biz-flc-group', 'Tập đoàn FLC', 'flc-group', 'biz-type-cdt', 'Tập đoàn kinh tế đa ngành với hệ sinh thái BĐS, hàng không, nghỉ dưỡng.', '<h3>Về FLC Group</h3><p>FLC được biết đến với các quần thể nghỉ dưỡng phức hợp quy mô lớn trải dài khắp Việt Nam như FLC Sầm Sơn, FLC Quy Nhơn, FLC Hạ Long.</p>', '2025-05-20T15:00:00Z', 'chu-dau-tu'),
('biz-faros', 'Công ty Cổ phần Xây dựng FLC Faros', 'flc-faros', 'biz-type-nt', 'Nhà thầu xây dựng chính cho các dự án của Tập đoàn FLC.', '<h3>Về FLC Faros (ROS)</h3><p>FLC Faros là đơn vị tổng thầu thi công các dự án trong hệ sinh thái của FLC, có kinh nghiệm trong việc xây dựng các công trình phức hợp.</p>', '2025-05-21T10:00:00Z', 'nha-thau'),
('biz-wyndham', 'Wyndham Hotel Group', 'wyndham-hotel-group', 'biz-type-qlda', 'Tập đoàn quản lý khách sạn hàng đầu thế giới.', '<h3>Về Wyndham</h3><p>Wyndham cung cấp dịch vụ quản lý và vận hành chuyên nghiệp cho các khách sạn và khu nghỉ dưỡng, đảm bảo tiêu chuẩn quốc tế.</p>', '2025-06-01T10:00:00Z', 'quan-ly-van-hanh'),
('biz-kdi-holdings', 'Tập đoàn KDI Holdings', 'kdi-holdings', 'biz-type-cdt', 'Tập đoàn đầu tư đa ngành tập trung vào BĐS, nội thất, nông nghiệp công nghệ cao.', '<h3>Về KDI Holdings</h3><p>KDI Holdings là chủ đầu tư dự án Vega City Nha Trang, hướng tới việc kiến tạo những điểm đến du lịch và nghỉ dưỡng đẳng cấp quốc tế.</p>', '2025-06-02T10:00:00Z', 'chu-dau-tu'),
('biz-hyundai-enc', 'Hyundai Engineering & Construction (E&C)', 'hyundai-enc', 'biz-type-nt', 'Công ty xây dựng và kỹ thuật toàn cầu của Hàn Quốc.', '<h3>Về Hyundai E&C</h3><p>Với lịch sử và kinh nghiệm dày dặn, Hyundai E&C là tổng thầu cho nhiều siêu dự án hạ tầng và xây dựng trên khắp thế giới.</p>', '2025-06-03T14:00:00Z', 'nha-thau'),
('biz-nda-group', 'NDA Group', 'nda-group', 'biz-type-tk', 'Công ty kiến trúc và quy hoạch quốc tế của Pháp.', '<h3>Về NDA Group</h3><p>NDA Group chuyên về thiết kế các khu nghỉ dưỡng, điểm đến du lịch và các dự án phức hợp, nổi tiếng với các ý tưởng sáng tạo và bền vững.</p>', '2025-06-04T09:00:00Z', 'don-vi-thiet-ke'),
('biz-accor', 'Tập đoàn Accor', 'accor', 'biz-type-qlda', 'Tập đoàn quản lý khách sạn của Pháp với danh mục thương hiệu đa dạng.', '<h3>Về Accor</h3><p>Accor quản lý các thương hiệu nổi tiếng như Sofitel, Pullman, Novotel, Mercure, ibis. Họ vận hành nhiều khách sạn 5 sao tại Việt Nam.</p>', '2025-06-05T11:00:00Z', 'quan-ly-van-hanh'),
('biz-geleximco', 'Tập đoàn Geleximco', 'geleximco', 'biz-type-cdt', 'Tập đoàn kinh tế tư nhân đa ngành tại Việt Nam.', '<h3>Về Geleximco</h3><p>Hoạt động trong các lĩnh vực bất động sản, tài chính, sản xuất công nghiệp, Geleximco là chủ đầu tư của nhiều khu đô thị lớn như An Bình City, Geleximco Lê Trọng Tấn.</p>', '2025-05-15T09:00:00Z', 'chu-dau-tu'),
('biz-phuc-hung-holdings', 'Phuc Hung Holdings', 'phuc-hung-holdings', 'biz-type-nt', 'Nhà thầu xây dựng chuyên nghiệp trong lĩnh vực dân dụng và công nghiệp.', '<h3>Về Phuc Hung Holdings</h3><p>Phuc Hung Holdings đã và đang là tổng thầu, nhà thầu chính cho nhiều dự án chung cư cao tầng, khu phức hợp trên cả nước.</p>', '2025-05-16T16:00:00Z', 'nha-thau'),
('biz-dat-xanh-mien-bac', 'Đất Xanh Miền Bắc', 'dat-xanh-mien-bac', 'biz-type-mg', 'Công ty dịch vụ bất động sản hàng đầu tại khu vực phía Bắc.', '<h3>Về Đất Xanh Miền Bắc</h3><p>Là đơn vị chuyên phân phối, cho thuê và tư vấn các dự án bất động sản, sở hữu mạng lưới bán hàng rộng khắp và đội ngũ chuyên viên giàu kinh nghiệm.</p>', '2025-05-17T09:00:00Z', 'san-moi-gioi'),
('biz-becamex-idc', 'Tổng công ty Becamex IDC', 'becamex-idc', 'biz-type-cdt', 'Nhà phát triển hạ tầng công nghiệp và đô thị hàng đầu tại Bình Dương.', '<h3>Về Becamex IDC</h3><p>Becamex IDC nổi tiếng với việc xây dựng các khu công nghiệp Việt Nam - Singapore (VSIP) và phát triển thành phố mới Bình Dương.</p>', '2025-04-10T10:00:00Z', 'chu-dau-tu'),
('biz-kita-group', 'Tập đoàn KITA Group', 'kita-group', 'biz-type-cdt', 'Tập đoàn đầu tư và phát triển bất động sản.', '<h3>Về KITA Group</h3><p>KITA Group tập trung phát triển các khu đô thị và dự án phức hợp tại các thị trường tiềm năng, nổi bật là dự án Stella Mega City Cần Thơ.</p>', '2025-04-11T11:00:00Z', 'chu-dau-tu'),
('biz-delta-group', 'Tập đoàn Xây dựng DELTA', 'delta-group', 'biz-type-nt', 'Nhà thầu xây dựng chuyên sâu về thi công phần hầm và các kết cấu phức tạp.', '<h3>Về DELTA Group</h3><p>DELTA là một trong những đơn vị xây dựng hàng đầu, được nhiều chủ đầu tư lớn tin tưởng giao các dự án đòi hỏi kỹ thuật cao.</p>', '2025-04-12T14:00:00Z', 'nha-thau'),
('biz-dkra-vietnam', 'DKRA Vietnam', 'dkra-vietnam', 'biz-type-mg', 'Hệ thống dịch vụ bất động sản toàn diện và chuyên sâu.', '<h3>Về DKRA Vietnam</h3><p>DKRA Vietnam cung cấp chuỗi dịch vụ từ nghiên cứu thị trường, tư vấn phát triển, tiếp thị và phân phối đến quản lý vận hành dự án.</p>', '2025-04-13T09:00:00Z', 'san-moi-gioi'),
('biz-ceo-group', 'Tập đoàn CEO', 'ceo-group', 'biz-type-cdt', 'Tập đoàn kinh tế tư nhân với hai trụ cột kinh doanh chính là bất động sản và giáo dục.', '<h3>Về CEO Group</h3><p>CEO Group là chủ đầu tư của tổ hợp Sonasea Villas & Resort tại Phú Quốc, một trong những dự án nghỉ dưỡng nổi bật tại đảo ngọc.</p>', '2025-03-20T10:00:00Z', 'chu-dau-tu'),
('biz-marriott', 'Marriott International', 'marriott-international', 'biz-type-qlda', 'Tập đoàn quản lý khách sạn lớn nhất thế giới có trụ sở tại Mỹ.', '<h3>Về Marriott International</h3><p>Sở hữu các thương hiệu danh tiếng như JW Marriott, Sheraton, The Ritz-Carlton, Le Méridien, Marriott quản lý nhiều khách sạn và khu nghỉ dưỡng sang trọng bậc nhất toàn cầu.</p>', '2025-03-21T11:00:00Z', 'quan-ly-van-hanh');

INSERT INTO "Project" (
    id, name, slug, project_type_id, location_id, address_detail, description, images, status,
    price_from, price_to, price_unit, content_sections, regional_links, facilities_amenities,
    published_date, cached_project_type_slug, cached_location_slug
) VALUES 
(
    'project-richstar',
    'RichStar Residence',
    'richstar-residence-tan-phu',
    'chung-cu',
    'quan-tan-phu',
    '239-241 Hoà Bình, Phường Hiệp Tân, Quận Tân Phú, TP.HCM',
    'RichStar là dự án căn hộ cao cấp tại trung tâm quận Tân Phú, sở hữu vị trí đắc địa và chuỗi tiện ích nội khu đẳng cấp, mang đến một cuộc sống tiện nghi và hiện đại cho cư dân.',
    ARRAY['https://placehold.co/1200x800/EBD8B2/000000?text=RichStar+Hero+1', 'https://placehold.co/1200x800/A2B5BB/FFFFFF?text=RichStar+Hero+2', 'https://placehold.co/1200x800/D8C4B6/000000?text=RichStar+Actual'],
    'Đã bàn giao',
    2.8,
    4.5,
    'tỷ',
    '{
      "blocks": [
        {"type": "heading", "data": {"level": 2, "text": "Tổng quan nổi bật Dự án RichStar"}},
        {"type": "paragraph", "data": {"text": "Được phát triển bởi chủ đầu tư uy tín Novaland, RichStar đã trở thành một trong những biểu tượng an cư lý tưởng tại khu vực Tân Phú."}},
        {"type": "list", "data": {
            "style": "unordered",
            "items": [
              "Vị trí đắc địa, là tâm điểm kết nối các quận Tân Bình, Bình Tân, và Quận 11.",
              "Chuỗi tiện ích nội khu đẳng cấp: hồ bơi tràn bờ, phòng gym, vườn BBQ.",
              "Thiết kế căn hộ thông minh, tối ưu hóa không gian và ánh sáng tự nhiên.",
              "Cộng đồng dân cư văn minh, an ninh đảm bảo 24/7."
            ]
        }}
      ]
    }'::jsonb,
    '{"description": "Cư dân RichStar dễ dàng tận hưởng cuộc sống tiện nghi với kết nối vùng hoàn hảo:", "items": [{"place": "Công viên Đầm Sen", "time": "5 phút"}, {"place": "Aeon Mall Tân Phú", "time": "10 phút"}, {"place": "Sân bay Tân Sơn Nhất", "time": "20 phút"}]}'::jsonb,
    '{"items": [{"icon": "pool", "name": "Hồ bơi tràn bờ 1700m²"}, {"icon": "gym", "name": "Phòng gym & yoga hiện đại"}, {"icon": "park", "name": "Vườn nướng BBQ ngoài trời"}, {"icon": "shop", "name": "Shophouse khối đế sầm uất"}]}'::jsonb,
    '2025-06-09T16:55:15Z',
    'chung-cu',
    'tan-phu'
),
(
    'project-vinhomes-grand-park',
    'Vinhomes Grand Park',
    'vinhomes-grand-park-thu-duc',
    'khu-do-thi',
    'thanh-pho-thu-duc',
    'Đường Nguyễn Xiển & Phước Thiện, Phường Long Thạnh Mỹ, TP. Thủ Đức, TP.HCM',
    'Đại đô thị thông minh đẳng cấp quốc tế với công viên Grand Park 36ha hàng đầu Đông Nam Á, vận hành ứng dụng công nghệ 4.0 trong quản lý và tiện ích, kiến tạo một môi trường sống vượt trội.',
    ARRAY['https://placehold.co/1200x800/86A789/FFFFFF?text=VHGP+Park', 'https://placehold.co/1200x800/B2C8BA/000000?text=VHGP+Rainbow'],
    'Đang mở bán',
    1.8,
    10.5,
    'tỷ',
    '{
      "blocks": [
        {"type": "heading", "data": {"level": 2, "text": "Tổng quan Đại đô thị Vinhomes Grand Park"}},
        {"type": "paragraph", "data": {"text": "Vinhomes Grand Park là thành phố thông minh - công viên được phát triển bởi Vingroup tại TP. Thủ Đức, kiến tạo nên một chuẩn sống mới, năng động và hiện đại."}},
        {"type": "list", "data": {
          "style": "unordered",
          "items": [
            "Sở hữu Công viên Grand Park 36ha quy mô hàng đầu Đông Nam Á.",
            "Hệ sinh thái tiện ích toàn diện Vingroup: Vinmec, Vinschool, Vincom, VinBus.",
            "Vận hành theo mô hình đô thị thông minh ứng dụng công nghệ 4.0.",
            "Vị trí cửa ngõ phía Đông, tâm điểm kết nối các tuyến giao thông huyết mạch."
          ]
        }}
      ]
    }'::jsonb,
    '{"description": "Vị trí đắc địa giúp kết nối nhanh chóng đến các khu vực trọng điểm:", "items": [{"place": "Khu Công nghệ cao TPHCM", "time": "5 phút"}, {"place": "Bến xe Miền Đông mới", "time": "8 phút"}, {"place": "Tuyến Metro số 1", "time": "10 phút"}]}'::jsonb,
    '{"items": [{"icon": "park", "name": "Công viên Grand Park 36ha"}, {"icon": "school", "name": "Hệ thống trường Vinschool"}, {"icon": "hospital", "name": "Bệnh viện Vinmec"}, {"icon": "mall", "name": "TTTM Vincom Mega Mall"}]}'::jsonb,
    '2025-06-09T16:55:15Z',
    'khu-do-thi',
    'thanh-pho-thu-duc'
),
(
    'project-sunworld-bana-hills',
    'Sun World Ba Na Hills',
    'sun-world-bana-hills-danang',
    'khu-nghi-duong',
    'thanh-pho-da-nang',
    'Thôn An Sơn, Xã Hòa Ninh, Huyện Hòa Vang, TP. Đà Nẵng',
    'Khu du lịch Sun World Ba Na Hills là quần thể du lịch nghỉ dưỡng kết hợp vui chơi giải trí đẳng cấp bậc nhất Việt Nam. Nổi tiếng với Cầu Vàng, Làng Pháp và hệ thống cáp treo đạt nhiều kỷ lục thế giới.',
    ARRAY['https://placehold.co/1200x800/F7B787/FFFFFF?text=Golden+Bridge', 'https://placehold.co/1200x800/EEC759/000000?text=French+Village'],
    'Đã vận hành',
    0,
    0,
    'thỏa thuận',
    '{
      "blocks": [
        {"type": "heading", "data": {"level": 2, "text": "Khám phá Tiên cảnh Sun World Ba Na Hills"}},
        {"type": "paragraph", "data": {"text": "Tọa lạc trên đỉnh núi Chúa, Sun World Ba Na Hills là một điểm đến không thể bỏ lỡ khi tới Đà Nẵng, mang đến những trải nghiệm độc đáo và khó quên."}},
        {"type": "list", "data": {
            "style": "unordered",
            "items": [
              "Chiêm ngưỡng Cầu Vàng - cây cầu biểu tượng của du lịch Việt Nam.",
              "Hệ thống cáp treo hiện đại, ngắm nhìn toàn cảnh núi rừng hùng vĩ.",
              "Lạc bước trong Làng Pháp cổ kính với kiến trúc Gothic đặc trưng.",
              "Vui chơi không giới hạn tại công viên Fantasy Park."
            ]
        }}
      ]
    }'::jsonb,
    '{"description": "Tọa lạc tại vị trí thuận lợi cho việc di chuyển từ trung tâm Đà Nẵng:", "items": [{"place": "Trung tâm TP. Đà Nẵng", "time": "45 phút"}, {"place": "Sân bay Quốc tế Đà Nẵng", "time": "40 phút"}, {"place": "Phố cổ Hội An", "time": "70 phút"}]}'::jsonb,
    '{"items": [{"icon": "bridge", "name": "Cầu Vàng"}, {"icon": "cable-car", "name": "Hệ thống cáp treo"}, {"icon": "castle", "name": "Làng Pháp"}, {"icon": "ferris-wheel", "name": "Fantasy Park"}]}'::jsonb,
    '2025-06-10T10:00:00Z',
    'khu-du-lich-nghi-duong',
    'thanh-pho-da-nang'
),
(
    'project-diamond-crown-haiphong',
    'Diamond Crown Hai Phong',
    'diamond-crown-hai-phong',
    'khu-do-thi',
    'thanh-pho-hai-phong',
    'Ngã tư Lê Hồng Phong & Nguyễn Bỉnh Khiêm, Quận Ngô Quyền, TP. Hải Phòng',
    'Là tổ hợp căn hộ và khách sạn hạng sang với kiến trúc Diagrid độc đáo lần đầu tiên xuất hiện tại Việt Nam. Diamond Crown là biểu tượng sống mới của giới tinh hoa thành phố Cảng.',
    ARRAY['https://placehold.co/1200x800/C0C0C0/000000?text=Diamond+Crown+1', 'https://placehold.co/1200x800/BDBDBD/FFFFFF?text=Diamond+Crown+2'],
    'Đang xây dựng',
    4.0,
    8.0,
    'tỷ',
    '{
      "blocks": [
        {"type": "heading", "data": {"level": 2, "text": "Diamond Crown - Biểu tượng Vương miện Kim cương"}},
        {"type": "paragraph", "data": {"text": "Dự án được phát triển bởi DOJILAND, mang đến một không gian sống đẳng cấp, sang trọng và khác biệt ngay tại trung tâm Hải Phòng."}},
        {"type": "list", "data": {
            "style": "unordered",
            "items": [
              "Kiến trúc Diagrid độc đáo, mang tính biểu tượng.",
              "Vị trí kim cương tại ngã tư sầm uất nhất Hải Phòng.",
              "Tiện ích 5 sao: Trung tâm thương mại, sky bar, bể bơi bốn mùa.",
              "Vận hành bởi thương hiệu quốc tế."
            ]
        }}
      ]
    }'::jsonb,
    '{"description": "Từ Diamond Crown, cư dân kết nối dễ dàng đến các địa điểm quan trọng:", "items": [{"place": "Sân bay Cát Bi", "time": "5 phút"}, {"place": "Nhà hát lớn Hải Phòng", "time": "7 phút"}, {"place": "Cao tốc Hà Nội - Hải Phòng", "time": "15 phút"}]}'::jsonb,
    '{"items": [{"icon": "mall", "name": "Trung tâm thương mại"}, {"icon": "bar", "name": "Sky Bar & Lounge"}, {"icon": "pool", "name": "Bể bơi bốn mùa"}, {"icon": "concierge", "name": "Dịch vụ Concierge"}]}'::jsonb,
    '2025-06-11T11:00:00Z',
    'to-hop-can-ho-khach-san',
    'thanh-pho-hai-phong'
),
(
    'project-an-binh-city',
    'An Bình City',
    'an-binh-city-hanoi',
    'chung-cu',
    'quan-bac-tu-liem',
    'Khu đô thị Thành phố Giao Lưu, 232 Phạm Văn Đồng, P. Cổ Nhuế 1, Q. Bắc Từ Liêm, Hà Nội',
    'An Bình City là tổ hợp căn hộ chung cư cao cấp tọa lạc tại vị trí vàng cửa ngõ Tây Bắc thủ đô. Dự án được ví như một thành phố xanh thu nhỏ với điểm nhấn là hồ điều hòa 15ha.',
    ARRAY['https://placehold.co/1200x800/96B6C5/FFFFFF?text=An+Binh+City+Lake', 'https://placehold.co/1200x800/ADC4CE/000000?text=An+Binh+City+Buildings'],
    'Đã bàn giao',
    3.5,
    5.0,
    'tỷ',
    '{
      "blocks": [
        {"type": "heading", "data": {"level": 2, "text": "An Bình City - Thành phố Giao Lưu"}},
        {"type": "paragraph", "data": {"text": "Với không gian sống xanh, tiện ích đồng bộ và cộng đồng văn minh, An Bình City là lựa chọn an cư lý tưởng cho các gia đình tại Hà Nội."}},
        {"type": "list", "data": {
            "style": "unordered",
            "items": [
              "Tọa lạc tại vị trí đắc địa, ngay cạnh Bộ Công An.",
              "Thừa hưởng không gian xanh mát từ hồ điều hòa rộng 15ha.",
              "Hệ thống 58 tiện ích nội khu đa dạng, đáp ứng mọi nhu cầu.",
              "Cộng đồng dân cư đã hình thành, văn minh và hiện đại."
            ]
        }}
      ]
    }'::jsonb,
    '{"description": "Kết nối giao thông thuận tiện từ An Bình City:", "items": [{"place": "Siêu thị Metro", "time": "3 phút"}, {"place": "Bệnh viện E", "time": "5 phút"}, {"place": "Đại học Quốc gia Hà Nội", "time": "10 phút"}]}'::jsonb,
    '{"items": [{"icon": "lake", "name": "Hồ điều hòa 15ha"}, {"icon": "pool", "name": "2 khu bể bơi ngoài trời"}, {"icon": "park", "name": "Quảng trường và vườn cây"}, {"icon": "sport", "name": "Khu thể thao đa năng"}]}'::jsonb,
    '2025-05-18T14:00:00Z',
    'chung-cu',
    'quan-bac-tu-liem'
),
(
    'project-sonasea-villas-resort',
    'Sonasea Villas & Resort',
    'sonasea-villas-resort-phu-quoc',
    'khu-do-thi',
    'thanh-pho-phu-quoc',
    'Tổ 5, Ấp Đường Bào, Xã Dương Tơ, TP. Phú Quốc, Tỉnh Kiên Giang',
    'Tọa lạc tại trung tâm Bãi Trường, Sonasea Villas & Resort là tổ hợp du lịch nghỉ dưỡng đẳng cấp 5 sao, mang đến những trải nghiệm thượng lưu giữa thiên nhiên tuyệt đẹp của Đảo Ngọc.',
    ARRAY['https://placehold.co/1200x800/F2E8C6/000000?text=Sonasea+Villas', 'https://placehold.co/1200x800/C3B091/FFFFFF?text=Sonasea+Beach'],
    'Đã bàn giao',
    15.0,
    50.0,
    'tỷ',
    '{
      "blocks": [
        {"type": "heading", "data": {"level": 2, "text": "Sonasea Villas & Resort - Viên ngọc tại Bãi Trường"}},
        {"type": "paragraph", "data": {"text": "Được phát triển bởi CEO Group và vận hành bởi Marriott, dự án là điểm đến đầu tư và nghỉ dưỡng hàng đầu tại Phú Quốc."}},
        {"type": "list", "data": {
            "style": "unordered",
            "items": [
              "Vị trí trung tâm Bãi Trường, bãi biển dài và đẹp nhất Phú Quốc.",
              "Quần thể tiện ích 5 sao: Sân golf, Phố đi bộ, Công viên, Bể bơi.",
              "Kiến trúc sang trọng, hòa quyện với thiên nhiên.",
              "Được vận hành bởi các thương hiệu quốc tế uy tín như Novotel, Best Western."
            ]
        }}
      ]
    }'::jsonb,
    '{"description": "Kết nối thuận tiện từ Sonasea Villas & Resort:", "items": [{"place": "Sân bay Quốc tế Phú Quốc", "time": "10 phút"}, {"place": "Thị trấn Dương Đông", "time": "20 phút"}, {"place": "Cáp treo Hòn Thơm", "time": "15 phút"}]}'::jsonb,
    '{"items": [{"icon": "beach", "name": "Bãi biển riêng"}, {"icon": "golf", "name": "Sân Golf 9 lỗ"}, {"icon": "walk", "name": "Phố đi bộ Sonasea"}, {"icon": "pool", "name": "Hồ bơi liên hoàn"}]}'::jsonb,
    '2025-04-20T16:00:00Z',
    'biet-thu-nghi-duong',
    'thanh-pho-phu-quoc'
),
(
    'project-flc-halong-bay',
    'FLC Halong Bay Golf Club & Luxury Resort',
    'flc-halong-bay-golf-club-luxury-resort-quang-ninh',
    'khu-nghi-duong-san-golf',
    'thanh-pho-ha-long',
    'Cột 3 - Cột 8, Phường Hồng Hà, TP. Hạ Long, Tỉnh Quảng Ninh',
    'Tọa lạc trên đỉnh đồi Văn Nghệ, FLC Halong Bay sở hữu tầm nhìn panorama triệu đô bao trọn Vịnh Hạ Long. Đây là quần thể nghỉ dưỡng 5 sao duy nhất tại Hạ Long có sân golf 18 hố và tầm nhìn ngoạn mục.',
    ARRAY['https://placehold.co/1200x800/2C5E1A/FFFFFF?text=FLC+Halong+Bay+View', 'https://placehold.co/1200x800/5A8B48/FFFFFF?text=FLC+Golf+Course'],
    'Đã bàn giao',
    8.0,
    35.0,
    'tỷ',
    '{
      "blocks": [
        {"type": "heading", "data": {"level": 2, "text": "FLC Halong Bay - Kỳ quan trong lòng kỳ quan"}},
        {"type": "paragraph", "data": {"text": "Dự án mang đến trải nghiệm nghỉ dưỡng thượng lưu với sự kết hợp hoàn hảo giữa không gian sống sang trọng và các tiện ích đẳng cấp quốc tế."}},
        {"type": "list", "data": {
            "style": "unordered",
            "items": [
              "Vị thế độc tôn trên đồi cao, ôm trọn Vịnh Hạ Long.",
              "Sân golf 18 hố dạng links do Schmidt-Curley thiết kế.",
              "Khách sạn 5 sao và trung tâm hội nghị quốc tế 1500 chỗ.",
              "Hệ thống hơn 30 tiện ích: Bể bơi vô cực, club house, spa & fitness."
            ]
        }}
      ]
    }'::jsonb,
    '{"description": "Kết nối dễ dàng đến các điểm du lịch nổi tiếng của Hạ Long:", "items": [{"place": "Bảo tàng Quảng Ninh", "time": "5 phút"}, {"place": "Sun World Halong Complex", "time": "10 phút"}, {"place": "Cảng tàu khách Quốc tế Tuần Châu", "time": "15 phút"}]}'::jsonb,
    '{"items": [{"icon": "golf", "name": "Sân golf 18 hố"}, {"icon": "pool", "name": "Bể bơi vô cực"}, {"icon": "spa", "name": "Spa & Fitness Center"}, {"icon": "restaurant", "name": "Nhà hàng & Sky Bar"}]}'::jsonb,
    '2024-11-20T15:00:00Z',
    'khu-nghi-duong-san-golf',
    'thanh-pho-ha-long'
),
(
    'project-vega-city-nhatrang',
    'Vega City Nha Trang',
    'vega-city-nha-trang',
    'khu-do-thi',
    'thanh-pho-nha-trang',
    'Bãi Tiên, Phường Vĩnh Hòa, TP. Nha Trang, Tỉnh Khánh Hòa',
    'Vega City Nha Trang là quần thể bất động sản phức hợp nghệ thuật - nghỉ dưỡng - giải trí ven biển duy nhất và đầu tiên tại Việt Nam. Dự án quy tụ các thương hiệu vận hành hàng đầu thế giới và các hoạt động giải trí 24/7.',
    ARRAY['https://placehold.co/1200x800/1E3A8A/FFFFFF?text=Vega+City+Nha+Trang', 'https://placehold.co/1200x800/3B82F6/FFFFFF?text=Vega+Beach+Club'],
    'Đang mở bán',
    12.0,
    70.0,
    'tỷ',
    '{
      "blocks": [
        {"type": "heading", "data": {"level": 2, "text": "Vega City - Thành phố Ánh sáng và Lễ hội"}},
        {"type": "paragraph", "data": {"text": "Được phát triển bởi KDI Holdings, Vega City Nha Trang kiến tạo một điểm đến toàn cầu mới, nơi hội tụ của những trải nghiệm văn hóa, nghệ thuật và nghỉ dưỡng đỉnh cao."}},
        {"type": "list", "data": {
            "style": "unordered",
            "items": [
              "Sở hữu nhà hát đương đại The Đó với kiến trúc độc đáo.",
              "Quy tụ các thương hiệu khách sạn 5 sao: Gran Meliá, New World, Meliá Nha Trang.",
              "Tuyến phố thương mại shophouse sầm uất hoạt động ngày đêm.",
              "Công viên san hô Vạn San Đảo và nhiều hoạt động thể thao biển."
            ]
        }}
      ]
    }'::jsonb,
    '{"description": "Tọa lạc tại Bãi Tiên, một trong những bãi biển đẹp nhất Nha Trang:", "items": [{"place": "Tháp Bà Ponagar", "time": "10 phút"}, {"place": "Hòn Chồng", "time": "8 phút"}, {"place": "Trung tâm TP. Nha Trang", "time": "15 phút"}]}'::jsonb,
    '{"items": [{"icon": "theater", "name": "Nhà hát The Đó"}, {"icon": "shopping", "name": "Phố thương mại"}, {"icon": "beach", "name": "Beach Club & Công viên Vạn San Đảo"}, {"icon": "hotel", "name": "Các thương hiệu khách sạn 5 sao"}]}'::jsonb,
    '2025-03-10T09:00:00Z',
    'to-hop-nghi-duong-nghe-thuat',
    'thanh-pho-nha-trang'
),
(
    'project-tokyu-garden-city',
    'Tokyu Garden City Binh Duong',
    'tokyu-garden-city-binh-duong',
    'khu-do-thi',
    'thanh-pho-thu-dau-mot',
    'Đại lộ Hùng Vương, Phường Hòa Phú, TP. Thủ Dầu Một, Tỉnh Bình Dương',
    'Tokyu Garden City là dự án khu đô thị kiểu mẫu Nhật Bản tại Thành phố mới Bình Dương, được phát triển bởi liên doanh giữa Tập đoàn Tokyu và Becamex IDC. Dự án mang đến một môi trường sống chất lượng cao và bền vững.',
    ARRAY['https://placehold.co/1200x800/BF3131/FFFFFF?text=Sora+Gardens', 'https://placehold.co/1200x800/7D0A0A/FFFFFF?text=Tokyu+Garden+City'],
    'Đang phát triển',
    2.5,
    15.0,
    'tỷ',
    '{
      "blocks": [
        {"type": "heading", "data": {"level": 2, "text": "Tokyu Garden City - Chuẩn sống Nhật tại Bình Dương"}},
        {"type": "paragraph", "data": {"text": "Với quy hoạch tổng thể bài bản và sự chú trọng vào chất lượng, dự án hứa hẹn sẽ trở thành khu đô thị đáng sống bậc nhất khu vực."}},
        {"type": "list", "data": {
            "style": "unordered",
            "items": [
              "Phát triển bởi tập đoàn Nhật Bản với hơn 100 năm kinh nghiệm.",
              "Quy hoạch bài bản, tập trung vào không gian xanh và giao thông công cộng.",
              "Các dự án thành phần nổi bật như căn hộ Sora Gardens, Midori Park.",
              "Hệ thống tiện ích thương mại, giáo dục, y tế ngay trong nội khu."
            ]
        }}
      ]
    }'::jsonb,
    '{"description": "Tọa lạc tại trái tim Thành phố mới Bình Dương:", "items": [{"place": "Trung tâm Hành chính Tỉnh", "time": "3 phút"}, {"place": "Đại học Quốc tế Miền Đông", "time": "5 phút"}, {"place": "KCN VSIP II", "time": "10 phút"}]}'::jsonb,
    '{"items": [{"icon": "school", "name": "Trường học Quốc tế"}, {"icon": "bus", "name": "Hệ thống xe buýt Kaze"}, {"icon": "mall", "name": "Trung tâm thương mại SORA Gardens SC"}, {"icon": "park", "name": "Công viên Midori Park"}]}'::jsonb,
    '2024-09-15T11:00:00Z',
    'khu-do-thi',
    'thanh-pho-thu-dau-mot'
),
(
    'project-stella-mega-city-cantho',
    'Stella Mega City Cần Thơ',
    'stella-mega-city-can-tho',
    'khu-do-thi',
    'quan-binh-thuy',
    'Đường Đặng Văn Dầy, Phường Bình Thủy, Quận Bình Thủy, TP. Cần Thơ',
    'Stella Mega City là đại đô thị quy mô hơn 150ha tại trung tâm quận Bình Thủy, liền kề Sân bay Quốc tế Cần Thơ. Dự án được quy hoạch hiện đại với hạ tầng hoàn chỉnh và chuỗi tiện ích đẳng cấp.',
    ARRAY['https://placehold.co/1200x800/3559E0/FFFFFF?text=Stella+Mega+City+Gate', 'https://placehold.co/1200x800/0F2167/FFFFFF?text=Stella+Shophouse'],
    'Đang mở bán',
    2.5,
    12.0,
    'tỷ',
    '{
      "blocks": [
        {"type": "heading", "data": {"level": 2, "text": "Stella Mega City - Ngôi sao sáng của Tây Đô"}},
        {"type": "paragraph", "data": {"text": "Được phát triển bởi KITA Group, Stella Mega City không chỉ là nơi an cư lý tưởng mà còn là cơ hội đầu tư vượt trội tại thủ phủ miền Tây."}},
        {"type": "list", "data": {
            "style": "unordered",
            "items": [
              "Vị trí chiến lược, cách Sân bay Quốc tế Cần Thơ chỉ 3 phút di chuyển.",
              "Pháp lý minh bạch, sổ đỏ từng nền.",
              "Hệ thống tiện ích nội khu vượt trội: Vườn Nhật Bản, Khách sạn 5 sao, Sân tập Golf.",
              "Hạ tầng hoàn thiện với điện âm, đường trải nhựa rộng rãi."
            ]
        }}
      ]
    }'::jsonb,
    '{"description": "Tâm điểm kết nối của Cần Thơ và khu vực Đồng bằng Sông Cửu Long:", "items": [{"place": "Sân bay Quốc tế Cần Thơ", "time": "3 phút"}, {"place": "Trung tâm hành chính Q. Bình Thủy", "time": "5 phút"}, {"place": "Bến Ninh Kiều", "time": "15 phút"}]}'::jsonb,
    '{"items": [{"icon": "airport", "name": "Liền kề sân bay"}, {"icon": "park", "name": "Vườn Nhật Bản Zen Garden"}, {"icon": "golf", "name": "Sân tập Golf"}, {"icon": "government", "name": "Trung tâm hành chính"}]}'::jsonb,
    '2025-01-20T14:00:00Z',
    'khu-do-thi',
    'quan-binh-thuy'
);
INSERT INTO "ProductSale" (
    id,
    product_type_id,
    project_id,
    location_id,
    title,
    description,
    slug,
    address_detail,
    content_blocks,
    nearby_amenities,
    price,
    price_unit,
    images,
    published_date,
    cached_product_type_slug,
    cached_project_slug,
    cached_location_slug
) VALUES
(
    'prod_001',
    'can-ho',
    'project-richstar',
    'quan-tan-phu',
    'Bán căn hộ Richstar 2PN 65m2, view hồ bơi, nội thất đầy đủ',
    'Căn hộ vị trí đẹp, ban công hướng Đông Nam mát mẻ. Chủ nhà tặng lại toàn bộ nội thất cao cấp, chỉ cần xách vali vào ở.',
    'ban-can-ho-richstar-2pn-65m2-view-ho-boi-noi-that-day-du-prod-001',
    'Tháp RS2, tầng 15, RichStar Residence',
    '{"blocks": [{"type": "heading", "data": {"level": 2, "text": "Thông tin chi tiết"}}, {"type": "paragraph", "data": {"text": "Căn hộ vị trí đẹp, ban công hướng Đông Nam mát mẻ. Chủ nhà tặng lại toàn bộ nội thất cao cấp, chỉ cần xách vali vào ở."}}]}'::jsonb,
    '{"items": [{"name": "Hồ bơi trung tâm", "distance": "50 m"}, {"name": "Siêu thị Co.opmart", "distance": "700 m"}]}'::jsonb,
    3.2,
    'tỷ',
    ARRAY['https://placehold.co/1200x800/EBD8B2/000000?text=Prod001+Living', 'https://placehold.co/1200x800/A2B5BB/FFFFFF?text=Prod001+Bedroom'],
    '2025-06-10T22:53:43+07:00',
    'can-ho',
    'richstar-residence-tan-phu',
    'tan-phu'
),
(
    'prod_002',
    'can-ho',
    'project-vinhomes-grand-park',
    'thanh-pho-thu-duc',
    'Bán gấp căn hộ 2PN+1 The Origami, view sông Đồng Nai, giá tốt',
    'Do gia đình chuyển công tác nên cần bán nhanh căn hộ 2 phòng ngủ + 1 tại phân khu The Origami. Căn hộ đã có sổ hồng, view thoáng đãng.',
    'ban-gap-can-ho-2pn-1-the-origami-vinhomes-grand-park-prod-002',
    'Tòa S7.01, tầng 21, The Origami, Vinhomes Grand Park',
    '{"blocks": [{"type": "heading", "data": {"level": 2, "text": "Mô tả căn hộ"}}, {"type": "paragraph", "data": {"text": "Căn hộ có thiết kế tối ưu, phù hợp cho gia đình trẻ. Ban công rộng, view trực diện sông Đồng Nai và công viên nội khu."}}]}'::jsonb,
    '{"items": [{"name": "Vườn Nhật nội khu", "distance": "100 m"}, {"name": "Trường Vinschool", "distance": "500 m"}, {"name": "TTTM Vincom Mega Mall", "distance": "1 km"}]}'::jsonb,
    2.9,
    'tỷ',
    ARRAY['https://placehold.co/1200x800/B2C8BA/000000?text=Prod002+View', 'https://placehold.co/1200x800/DDE6ED/000000?text=Prod002+Kitchen'],
    '2025-06-11T10:30:00+07:00',
    'can-ho',
    'vinhomes-grand-park-thu-duc',
    'thanh-pho-thu-duc'
),
(
    'prod_003',
    'shophouse',
    'project-vinhomes-grand-park',
    'thanh-pho-thu-duc',
    'Chuyển nhượng shophouse The Manhattan, đối diện công viên 36ha',
    'Vị trí kinh doanh kim cương, mặt tiền đường lớn, phù hợp mọi ngành nghề. Hiện đang có hợp đồng thuê 80 triệu/tháng.',
    'chuyen-nhuong-shophouse-the-manhattan-doi-dien-cong-vien-36ha-prod-003',
    'Đường T10, The Manhattan, Vinhomes Grand Park',
    '{"blocks": [{"type": "heading", "data": {"level": 2, "text": "Cơ hội đầu tư vàng"}}, {"type": "paragraph", "data": {"text": "Shophouse sở hữu vị trí đắc địa nhất dự án, với lượng khách khổng lồ từ cư dân và khách tham quan công viên. Đầu tư sinh lời ngay."}}]}'::jsonb,
    '{"items": [{"name": "Công viên Grand Park 36ha", "distance": "50 m"}, {"name": "Quảng trường Golden Eagle", "distance": "200 m"}]}'::jsonb,
    26.5,
    'tỷ',
    ARRAY['https://placehold.co/1200x800/F0EBE3/000000?text=Prod003+Front', 'https://placehold.co/1200x800/E4DCCF/000000?text=Prod003+Street'],
    '2025-06-12T14:00:00+07:00',
    'shophouse',
    'vinhomes-grand-park-thu-duc',
    'thanh-pho-thu-duc'
),
(
    'prod_004',
    'can-ho',
    'project-diamond-crown-haiphong',
    'thanh-pho-hai-phong',
    'Bán suất ngoại giao căn hộ 3PN Diamond Crown Hải Phòng, tầng cao, view panorama',
    'Căn góc 3 phòng ngủ đẹp nhất dự án, tầm nhìn bao trọn thành phố. Thiết kế độc đáo, bàn giao nội thất cao cấp từ châu Âu.',
    'ban-suat-ngoai-giao-3pn-diamond-crown-hai-phong-view-panorama-prod-004',
    'Tầng 32, Tháp A, Diamond Crown Hai Phong',
    '{"blocks": [{"type": "heading", "data": {"level": 2, "text": "Thông tin căn hộ"}}, {"type": "paragraph", "data": {"text": "Sở hữu căn hộ biểu tượng của thành phố Cảng, khẳng định đẳng cấp chủ nhân. Tiện ích 5 sao ngay dưới chân nhà."}}]}'::jsonb,
    '{"items": [{"name": "Trung tâm thương mại khối đế", "distance": "20 m"}, {"name": "Nhà hát lớn Hải Phòng", "distance": "1 km"}]}'::jsonb,
    7.9,
    'tỷ',
    ARRAY['https://placehold.co/1200x800/B4B4B3/000000?text=Prod004+Living+Room', 'https://placehold.co/1200x800/DCDCDC/000000?text=Prod004+Balcony+View'],
    '2025-06-01T09:00:00+07:00',
    'can-ho',
    'diamond-crown-hai-phong',
    'thanh-pho-hai-phong'
),
(
    'prod_005',
    'biet-thu-nghi-duong',
    'project-flc-halong-bay',
    'thanh-pho-ha-long',
    'Bán biệt thự sân golf FLC Hạ Long, view trực diện Vịnh, 400m2',
    'Biệt thự đơn lập vị trí đẹp nhất dự án, tầm nhìn không giới hạn ra sân golf và kỳ quan Vịnh Hạ Long. Sân vườn rộng, có bể bơi riêng.',
    'ban-biet-thu-san-golf-flc-ha-long-view-vinh-400m2-prod-005',
    'Lô BT-08, FLC Halong Bay Golf Club & Luxury Resort',
    '{"blocks": [{"type": "heading", "data": {"level": 2, "text": "Biệt thự Hoàng Gia"}}, {"type": "paragraph", "data": {"text": "Một sản phẩm dành cho những chủ nhân danh giá, yêu thích bộ môn golf và không gian nghỉ dưỡng riêng tư, đẳng cấp."}}]}'::jsonb,
    '{"items": [{"name": "Sân Golf 18 hố", "distance": "100 m"}, {"name": "Club House", "distance": "300 m"}]}'::jsonb,
    32.0,
    'tỷ',
    ARRAY['https://placehold.co/1200x800/5A8B48/FFFFFF?text=Prod005+Villa', 'https://placehold.co/1200x800/2C5E1A/FFFFFF?text=Prod005+Golf+View'],
    '2025-05-25T16:45:00+07:00',
    'biet-thu-nghi-duong',
    'flc-halong-bay-golf-club-luxury-resort-quang-ninh',
    'thanh-pho-ha-long'
),
(
    'prod_006',
    'dat-nen',
    'project-stella-mega-city-cantho',
    'quan-binh-thuy',
    'Bán gấp nền nhà phố Stella Mega City 110m2, gần quảng trường',
    'Nền đất vuông vức, mặt tiền đường 14m, hạ tầng hoàn thiện, điện âm nước máy. Xây dựng tự do. Vị trí tiềm năng tăng giá cao.',
    'ban-gap-nen-nha-pho-stella-mega-city-110m2-gan-quang-truong-prod-006',
    'Lô C5-22, Khu đô thị Stella Mega City',
    '{"blocks": [{"type": "heading", "data": {"level": 2, "text": "Chi tiết lô đất"}}, {"type": "paragraph", "data": {"text": "Vị trí đẹp, thích hợp để ở hoặc đầu tư lâu dài. Cách sân bay quốc tế Cần Thơ chỉ 5 phút di chuyển."}}]}'::jsonb,
    '{"items": [{"name": "Học viện hàng không Bamboo Airways", "distance": "400 m"}, {"name": "Sân bay Quốc tế Cần Thơ", "distance": "1.5 km"}]}'::jsonb,
    3.1,
    'tỷ',
    ARRAY['https://placehold.co/1200x800/0F2167/FFFFFF?text=Prod006+Land+Plot', 'https://placehold.co/1200x800/3559E0/FFFFFF?text=Prod006+Road'],
    '2025-06-13T11:00:00+07:00',
    'dat-nen',
    'stella-mega-city-can-tho',
    'quan-binh-thuy'
),
(
    'prod_007',
    'biet-thu-nghi-duong',
    'project-sonasea-villas-resort',
    'thanh-pho-phu-quoc',
    'Bán gấp biệt thự Sonasea Villas Phú Quốc 280m2, có hồ bơi riêng, gần biển',
    'Cần tiền bán nhanh biệt thự song lập tại khu nghỉ dưỡng Sonasea. Vị trí đẹp, cách biển Bãi Trường chỉ 300m, đang có hợp đồng cho thuê ổn định 45 triệu/tháng.',
    'ban-gap-biet-thu-sonasea-villas-phu-quoc-280m2-prod-007',
    'Căn SV-56, Sonasea Villas & Resort, Bãi Trường, Phú Quốc',
    '{"blocks": [{"type": "heading", "data": {"level": 2, "text": "Biệt thự nghỉ dưỡng đẳng cấp"}}, {"type": "paragraph", "data": {"text": "Thiết kế hiện đại, 3 phòng ngủ, sân vườn và hồ bơi riêng. Thích hợp cho cả nghỉ dưỡng và đầu tư sinh lời."}}]}'::jsonb,
    '{"items": [{"name": "Phố đi bộ Sonasea", "distance": "200 m"}, {"name": "Bãi biển Bãi Trường", "distance": "300 m"}, {"name": "Sân bay Quốc tế Phú Quốc", "distance": "8 phút"}]}'::jsonb,
    17.5,
    'tỷ',
    ARRAY['https://placehold.co/1200x800/F2E8C6/000000?text=Prod007+Villa+Pool', 'https://placehold.co/1200x800/C3B091/FFFFFF?text=Prod007+Interior'],
    '2025-06-12T18:30:00+07:00',
    'biet-thu-nghi-duong',
    'sonasea-villas-resort-phu-quoc',
    'thanh-pho-phu-quoc'
),
(
    'prod_008',
    'can-ho',
    'project-an-binh-city',
    'quan-bac-tu-liem',
    'Chính chủ bán căn góc 3PN An Bình City 114m2, view hồ điều hoà cực đẹp',
    'Do chuyển nhà mới nên cần bán lại căn hộ tâm huyết. Căn góc 3 mặt thoáng, view trọn hồ điều hoà 15ha. Nội thất cao cấp, sổ hồng chính chủ.',
    'chinh-chu-ban-can-goc-3pn-an-binh-city-114m2-view-ho-dieu-hoa-prod-008',
    'Tòa A7, tầng 20, KĐT An Bình City, 232 Phạm Văn Đồng',
    '{"blocks": [{"type": "heading", "data": {"level": 2, "text": "Thông tin căn hộ"}}, {"type": "paragraph", "data": {"text": "Căn hộ có diện tích lớn nhất dự án, không gian sinh hoạt chung rộng rãi, 3 phòng ngủ đều có cửa sổ lớn."}}]}'::jsonb,
    '{"items": [{"name": "Hồ điều hòa 15ha", "distance": "50 m"}, {"name": "Quảng trường La Mã", "distance": "100 m"}, {"name": "Siêu thị Mega Market", "distance": "500 m"}]}'::jsonb,
    5.3,
    'tỷ',
    ARRAY['https://placehold.co/1200x800/96B6C5/FFFFFF?text=Prod008+Lake+View', 'https://placehold.co/1200x800/ADC4CE/000000?text=Prod008+Living+Room'],
    '2025-06-13T05:22:00+07:00',
    'can-ho',
    'an-binh-city-hanoi',
    'quan-bac-tu-liem'
),
(
    'prod_009',
    'shophouse',
    'project-vega-city-nhatrang',
    'thanh-pho-nha-trang',
    'Bán shophouse mặt tiền biển Vega City Nha Trang, vị trí đắc địa',
    'Shophouse thuộc đại lộ ánh sáng, tuyến phố thương mại sầm uất bậc nhất dự án. Vừa có thể kinh doanh vừa nghỉ dưỡng. Tiềm năng tăng giá vượt trội.',
    'ban-shophouse-mat-tien-bien-vega-city-nha-trang-vi-tri-dac-dia-prod-009',
    'Căn VCS-12, Vega Continental Shopping Plaza, Vega City, Bãi Tiên',
    '{"blocks": [{"type": "heading", "data": {"level": 2, "text": "Shophouse biển phiên bản giới hạn"}}, {"type": "paragraph", "data": {"text": "Sản phẩm đầu tư hiếm có, nằm trong quần thể nghỉ dưỡng - nghệ thuật - giải trí 24/7 đầu tiên và duy nhất tại Nha Trang."}}]}'::jsonb,
    '{"items": [{"name": "Nhà hát The Đó", "distance": "150 m"}, {"name": "Câu lạc bộ biển Vega Beach Club", "distance": "50 m"}]}'::jsonb,
    24.0,
    'tỷ',
    ARRAY['https://placehold.co/1200x800/3B82F6/FFFFFF?text=Prod009+Shophouse', 'https://placehold.co/1200x800/1E3A8A/FFFFFF?text=Prod009+Street+View'],
    '2025-06-11T16:00:00+07:00',
    'shophouse',
    'vega-city-nha-trang',
    'thanh-pho-nha-trang'
),
(
    'prod_010',
    'can-ho',
    'project-tokyu-garden-city',
    'thanh-pho-thu-dau-mot',
    'Bán căn hộ Sora Gardens II 80m2, 2PN, thiết kế chuẩn Nhật Bản',
    'Căn hộ thuộc dự án do Becamex Tokyu phát triển. Chất lượng xây dựng và tiện ích chuẩn Nhật. Thích hợp cho chuyên gia nước ngoài thuê.',
    'ban-can-ho-sora-gardens-ii-80m2-2pn-chuan-nhat-ban-prod-010',
    'Tầng 19, Tháp A, Sora Gardens II, Thành phố mới Bình Dương',
    '{"blocks": [{"type": "heading", "data": {"level": 2, "text": "Không gian sống tinh tế"}}, {"type": "paragraph", "data": {"text": "Mọi chi tiết trong căn hộ đều được thiết kế tỉ mỉ, tối ưu công năng. Hệ thống tiện ích nội khu đẳng cấp: hồ bơi vô cực, phòng gym, vườn BBQ trên không."}}]}'::jsonb,
    '{"items": [{"name": "TTTM SORA gardens SC", "distance": "100 m"}, {"name": "Hệ thống xe buýt KAZE", "distance": "200 m"}, {"name": "Công viên thành phố mới", "distance": "1 km"}]}'::jsonb,
    3.6,
    'tỷ',
    ARRAY['https://placehold.co/1200x800/BF3131/FFFFFF?text=Prod010+Sora+Gardens', 'https://placehold.co/1200x800/7D0A0A/FFFFFF?text=Prod010+Pool'],
    '2025-06-10T14:20:00+07:00',
    'can-ho',
    'tokyu-garden-city-binh-duong',
    'thanh-pho-thu-dau-mot'
),
(
    'prod_011',
    'can-ho',
    'project-richstar',
    'quan-tan-phu',
    'Bán căn hộ Richstar 1PN+1 53m2, tầng trung, view nội khu',
    'Cần bán căn hộ 1 phòng ngủ + 1 không gian đa năng, thích hợp cho vợ chồng trẻ. Nhà mới, sạch sẽ, tặng lại một số nội thất cơ bản.',
    'ban-can-ho-richstar-1pn-1-53m2-tang-trung-view-noi-khu-prod-011',
    'Tháp RS3, tầng 11, RichStar Residence',
    '{"blocks": [{"type": "heading", "data": {"level": 2, "text": "Mô tả"}}, {"type": "paragraph", "data": {"text": "Căn hộ thiết kế hợp lý, ban công hướng Bắc. Tiện ích hồ bơi, gym ngay dưới chân tháp. Sổ hồng sẵn có."}}]}'::jsonb,
    '{"items": [{"name": "Hồ bơi", "distance": "20 m"}, {"name": "Công viên nội khu", "distance": "100 m"}]}'::jsonb,
    2.85,
    'tỷ',
    ARRAY['https://placehold.co/1200x800/A0937D/FFFFFF?text=Prod011+Living', 'https://placehold.co/1200x800/B2A4FF/000000?text=Prod011+Bedroom'],
    '2025-06-13T05:25:23+07:00',
    'can-ho',
    'richstar-residence-tan-phu',
    'tan-phu'
),
(
    'prod_012',
    'biet-thu',
    'project-vinhomes-grand-park',
    'thanh-pho-thu-duc',
    'Bán biệt thự đơn lập The Manhattan Glory, 350m2, gần bến du thuyền',
    'Biệt thự đơn lập phiên bản giới hạn, vị trí gần bến du thuyền đẳng cấp. Thiết kế sang trọng, có sân vườn rộng và hồ bơi riêng.',
    'ban-biet-thu-don-lap-the-manhattan-glory-350m2-gan-ben-du-thuyen-prod-012',
    'Số 28, Đường M5, The Manhattan Glory, Vinhomes Grand Park',
    '{"blocks": [{"type": "heading", "data": {"level": 2, "text": "Biệt thự đẳng cấp"}}, {"type": "paragraph", "data": {"text": "Sản phẩm khẳng định vị thế chủ nhân, nằm trong cộng đồng tinh hoa và tận hưởng trọn vẹn tiện ích của đại đô thị."}}]}'::jsonb,
    '{"items": [{"name": "Bến du thuyền Manhattan Glory", "distance": "200 m"}, {"name": "Trường Brighton College", "distance": "500 m"}]}'::jsonb,
    42.0,
    'tỷ',
    ARRAY['https://placehold.co/1200x800/607274/FFFFFF?text=Prod012+Villa', 'https://placehold.co/1200x800/B2C8BA/000000?text=Prod012+Garden'],
    '2025-06-13T05:26:00+07:00',
    'biet-thu',
    'vinhomes-grand-park-thu-duc',
    'thanh-pho-thu-duc'
),
(
    'prod_013',
    'can-ho',
    'project-diamond-crown-haiphong',
    'thanh-pho-hai-phong',
    'Cần bán căn hộ studio 38m2 Diamond Crown, đầu tư dòng tiền tốt',
    'Căn hộ studio thiết kế thông minh, tối ưu không gian. Thích hợp mua để ở hoặc cho chuyên gia nước ngoài thuê với giá cao.',
    'can-ban-can-ho-studio-38m2-diamond-crown-dau-tu-dong-tien-tot-prod-013',
    'Tầng 18, Tháp B, Diamond Crown Hai Phong',
    '{"blocks": [{"type": "heading", "data": {"level": 2, "text": "Cơ hội đầu tư"}}, {"type": "paragraph", "data": {"text": "Dự án biểu tượng của thành phố với tỷ lệ lấp đầy cho thuê luôn ở mức cao. Bàn giao đầy đủ nội thất cao cấp."}}]}'::jsonb,
    '{"items": [{"name": "Sky Garden", "distance": "0 m"}, {"name": "Aeon Mall Lê Chân", "distance": "1.5 km"}]}'::jsonb,
    2.8,
    'tỷ',
    ARRAY['https://placehold.co/1200x800/8D8D8D/FFFFFF?text=Prod013+Studio', 'https://placehold.co/1200x800/A4A4A4/000000?text=Prod013+View'],
    '2025-06-13T05:27:00+07:00',
    'can-ho',
    'diamond-crown-hai-phong',
    'thanh-pho-hai-phong'
),
(
    'prod_014',
    'can-ho',
    'project-flc-halong-bay',
    'thanh-pho-ha-long',
    'Chuyển nhượng căn hộ khách sạn FLC Halong Bay 50m2, view Vịnh',
    'Cần tiền bán gấp căn condotel tầng cao, view trực diện Vịnh Hạ Long. Đang có hợp đồng ủy thác cho thuê với FLC, thu nhập ổn định.',
    'chuyen-nhuong-condotel-flc-halong-bay-50m2-view-vinh-prod-014',
    'Tầng 15, FLC Grand Hotel Halong',
    '{"blocks": [{"type": "heading", "data": {"level": 2, "text": "Thông tin căn hộ"}}, {"type": "paragraph", "data": {"text": "Tận hưởng kỳ nghỉ dưỡng 5 sao miễn phí mỗi năm và nhận lợi nhuận đều đặn từ việc cho thuê."}}]}'::jsonb,
    '{"items": [{"name": "Bể bơi vô cực", "distance": "50 m"}, {"name": "Sân golf 18 hố", "distance": "200 m"}]}'::jsonb,
    2.95,
    'tỷ',
    ARRAY['https://placehold.co/1200x800/5F9EA0/FFFFFF?text=Prod014+Condotel+View', 'https://placehold.co/1200x800/87CEEB/000000?text=Prod014+Interior'],
    '2025-06-13T05:28:00+07:00',
    'can-ho',
    'flc-halong-bay-golf-club-luxury-resort-quang-ninh',
    'thanh-pho-ha-long'
),
(
    'prod_015',
    'dat-nen',
    'project-stella-mega-city-cantho',
    'quan-binh-thuy',
    'Bán nền góc 2 mặt tiền Stella Mega City, 180m2, gần sân bay',
    'Lô đất góc hiếm có, 2 mặt tiền đường nhựa 20m. Vị trí lý tưởng để xây biệt thự hoặc kinh doanh. Sổ đỏ trao tay.',
    'ban-nen-goc-2-mat-tien-stella-mega-city-180m2-gan-san-bay-prod-015',
    'Lô G1-01, Phân khu The Central, Stella Mega City',
    '{"blocks": [{"type": "heading", "data": {"level": 2, "text": "Lô đất vàng"}}, {"type": "paragraph", "data": {"text": "Sản phẩm đầu tư an toàn và tiềm năng tại thủ phủ miền Tây. Hạ tầng hoàn thiện, có thể xây dựng ngay."}}]}'::jsonb,
    '{"items": [{"name": "Trung tâm hành chính Q. Bình Thủy", "distance": "300 m"}, {"name": "Vườn Nhật Zen Garden", "distance": "500 m"}]}'::jsonb,
    6.5,
    'tỷ',
    ARRAY['https://placehold.co/1200x800/4682B4/FFFFFF?text=Prod015+Corner+Plot', 'https://placehold.co/1200x800/6495ED/000000?text=Prod015+Area+Map'],
    '2025-06-13T05:29:00+07:00',
    'dat-nen',
    'stella-mega-city-can-tho',
    'quan-binh-thuy'
),
(
    'prod_016',
    'biet-thu-nghi-duong',
    'project-sonasea-villas-resort',
    'thanh-pho-phu-quoc',
    'Bán biệt thự song lập Sonasea Villas, view hồ bơi, full nội thất',
    'Biệt thự 2 tầng, 3 phòng ngủ, có sân vườn và hồ bơi. Nội thất 5 sao đầy đủ, đang cho thuê qua Best Western Premier.',
    'ban-biet-thu-song-lap-sonasea-villas-view-ho-boi-full-noi-that-prod-016',
    'Căn SV-112, Sonasea Villas & Resort, Bãi Trường, Phú Quốc',
    '{"blocks": [{"type": "heading", "data": {"level": 2, "text": "Thông tin chi tiết"}}, {"type": "paragraph", "data": {"text": "Ngôi nhà thứ hai lý tưởng tại Đảo Ngọc, vừa nghỉ dưỡng vừa tạo ra dòng tiền ổn định hàng tháng."}}]}'::jsonb,
    '{"items": [{"name": "Nhà hàng Nemo", "distance": "100 m"}, {"name": "Bãi biển", "distance": "400 m"}]}'::jsonb,
    18.0,
    'tỷ',
    ARRAY['https://placehold.co/1200x800/FFDAB9/000000?text=Prod016+Villa', 'https://placehold.co/1200x800/F4A460/FFFFFF?text=Prod016+Pool+Area'],
    '2025-06-13T05:30:00+07:00',
    'biet-thu-nghi-duong',
    'sonasea-villas-resort-phu-quoc',
    'thanh-pho-phu-quoc'
),
(
    'prod_017',
    'can-ho',
    'project-an-binh-city',
    'quan-bac-tu-liem',
    'Bán gấp căn hộ 83m2 An Bình City, 2PN, đã có sổ',
    'Cần bán gấp để chuyển công tác. Căn hộ 2 phòng ngủ, 2WC, ban công Đông Nam. Giá bán đã bao gồm phí sang tên.',
    'ban-gap-can-ho-83m2-an-binh-city-2pn-da-co-so-prod-017',
    'Tòa A1, tầng 25, KĐT An Bình City',
    '{"blocks": [{"type": "heading", "data": {"level": 2, "text": "Thông tin"}}, {"type": "paragraph", "data": {"text": "Nhà giữ gìn cẩn thận, sạch sẽ. Tặng lại điều hòa, tủ bếp cho khách thiện chí."}}]}'::jsonb,
    '{"items": [{"name": "Trường mầm non nội khu", "distance": "150 m"}, {"name": "Hồ điều hòa", "distance": "200 m"}]}'::jsonb,
    4.1,
    'tỷ',
    ARRAY['https://placehold.co/1200x800/B0C4DE/000000?text=Prod017+Kitchen', 'https://placehold.co/1200x800/778899/FFFFFF?text=Prod017+View'],
    '2025-06-13T05:31:00+07:00',
    'can-ho',
    'an-binh-city-hanoi',
    'quan-bac-tu-liem'
),
(
    'prod_018',
    'biet-thu-nghi-duong',
    'project-vega-city-nhatrang',
    'thanh-pho-nha-trang',
    'Bán biệt thự trên đồi Vega City, 400m2, view biển trọn vẹn',
    'Biệt thự độc bản trên triền đồi, tầm nhìn panorama không giới hạn ra vịnh Nha Trang. Thiết kế độc đáo, có hồ bơi vô cực riêng.',
    'ban-biet-thu-tren-doi-vega-city-400m2-view-bien-tron-ven-prod-018',
    'Căn BH-08, Gran Meliá Nha Trang, Vega City',
    '{"blocks": [{"type": "heading", "data": {"level": 2, "text": "Dinh thự trên biển"}}, {"type": "paragraph", "data": {"text": "Sản phẩm siêu sang dành riêng cho giới thượng lưu, được vận hành bởi thương hiệu Gran Meliá Hotels & Resorts."}}]}'::jsonb,
    '{"items": [{"name": "Nhà hàng Hispania", "distance": "300 m"}, {"name": "Bãi biển riêng", "distance": "400 m"}]}'::jsonb,
    55.0,
    'tỷ',
    ARRAY['https://placehold.co/1200x800/154c79/FFFFFF?text=Prod018+Hill+Villa', 'https://placehold.co/1200x800/2766a3/FFFFFF?text=Prod018+Infinity+Pool'],
    '2025-06-13T05:32:00+07:00',
    'biet-thu-nghi-duong',
    'vega-city-nha-trang',
    'thanh-pho-nha-trang'
),
(
    'prod_019',
    'nha-pho',
    'project-tokyu-garden-city',
    'thanh-pho-thu-dau-mot',
    'Bán nhà phố thương mại (shophouse) Midori Park, đang cho thuê',
    'Nhà phố góc 2 mặt tiền, diện tích đất 180m2. Đang cho thuê làm quán cafe. Vị trí đẹp, đối diện công viên. Đầu tư giữ tiền và có dòng tiền ngay.',
    'ban-nha-pho-thuong-mai-midori-park-dang-cho-thue-prod-019',
    'Số 52, Đường P11, Midori Park, Thành phố mới Bình Dương',
    '{"blocks": [{"type": "heading", "data": {"level": 2, "text": "Thông tin nhà phố"}}, {"type": "paragraph", "data": {"text": "Khu compound an ninh, cộng đồng dân cư Nhật Bản và chuyên gia nước ngoài sinh sống."}}]}'::jsonb,
    '{"items": [{"name": "Công viên Midori", "distance": "50 m"}, {"name": "Trường Quốc tế Việt Hoa", "distance": "600 m"}]}'::jsonb,
    11.5,
    'tỷ',
    ARRAY['https://placehold.co/1200x800/C63D2F/FFFFFF?text=Prod019+Shophouse', 'https://placehold.co/1200x800/E36414/000000?text=Prod019+Streetview'],
    '2025-06-13T05:33:00+07:00',
    'nha-pho',
    'tokyu-garden-city-binh-duong',
    'thanh-pho-thu-dau-mot'
),
(
    'prod_020',
    'shophouse',
    'project-richstar',
    'quan-tan-phu',
    'Bán shophouse Richstar mặt tiền Hoà Bình, 110m2, đang cho thuê 50tr/tháng',
    'Shophouse khối đế vị trí đẹp, mặt tiền đường lớn, đang có hợp đồng thuê dài hạn. Cơ hội đầu tư sinh lời kép từ dòng tiền cho thuê và tăng giá bất động sản.',
    'ban-shophouse-richstar-mat-tien-hoa-binh-110m2-dang-cho-thue-prod-020',
    'SH-05, Tháp RS4, RichStar Residence, 241 Hoà Bình',
    '{"blocks": [{"type": "heading", "data": {"level": 2, "text": "Shophouse thương mại"}}, {"type": "paragraph", "data": {"text": "Vị trí ngay mặt tiền, thuận tiện kinh doanh mọi ngành nghề. Diện tích lớn, thiết kế thông minh."}}]}'::jsonb,
    '{"items": [{"name": "Ngân hàng ACB", "distance": "50 m"}, {"name": "Công viên Đầm Sen", "distance": "1.2 km"}]}'::jsonb,
    12.5,
    'tỷ',
    ARRAY['https://placehold.co/1200x800/776B5D/FFFFFF?text=Prod020+Shophouse+Front', 'https://placehold.co/1200x800/B0A695/000000?text=Prod020+Street'],
    '2025-06-13T05:28:13+07:00',
    'shophouse',
    'richstar-residence-tan-phu',
    'tan-phu'
),
(
    'prod_021',
    'can-ho',
    'project-vinhomes-grand-park',
    'thanh-pho-thu-duc',
    'Bán Penthouse Masteri Centre Point, 150m2, view 360 độ, nội thất nhập khẩu',
    'Penthouse siêu sang thuộc phân khu Masteri Centre Point, tầm nhìn panorama toàn khu đô thị và sông Đồng Nai. Có sân vườn riêng trên không, thang máy riêng.',
    'ban-penthouse-masteri-centre-point-150m2-view-360-do-prod-021',
    'Tầng 35, Tháp A, Masteri Centre Point, Vinhomes Grand Park',
    '{"blocks": [{"type": "heading", "data": {"level": 2, "text": "Dinh thự trên không"}}, {"type": "paragraph", "data": {"text": "Sản phẩm độc bản, khẳng định vị thế chủ nhân. Tiêu chuẩn bàn giao quốc tế từ thương hiệu Masterise Homes."}}]}'::jsonb,
    '{"items": [{"name": "Hồ bơi phi thuyền", "distance": "50 m"}, {"name": "Công viên Ánh sáng", "distance": "400 m"}]}'::jsonb,
    15.0,
    'tỷ',
    ARRAY['https://placehold.co/1200x800/2C3333/FFFFFF?text=Prod021+Penthouse', 'https://placehold.co/1200x800/2E4F4F/FFFFFF?text=Prod021+Sky+Garden'],
    '2025-06-13T05:28:15+07:00',
    'can-ho',
    'vinhomes-grand-park-thu-duc',
    'thanh-pho-thu-duc'
),
(
    'prod_022',
    'can-ho',
    'project-diamond-crown-haiphong',
    'thanh-pho-hai-phong',
    'Bán căn hộ Duplex Diamond Crown, 130m2, thiết kế độc bản, trần cao',
    'Căn hộ thông tầng Duplex, không gian sống như biệt thự trên không. Tầm nhìn thoáng đãng, trần cao, mang lại cảm giác sang trọng và khác biệt cho chủ nhân.',
    'ban-can-ho-duplex-diamond-crown-130m2-thiet-ke-doc-ban-prod-022',
    'Tầng 28-29, Tháp A, Diamond Crown Hai Phong',
    '{"blocks": [{"type": "heading", "data": {"level": 2, "text": "Không gian sống sáng tạo"}}, {"type": "paragraph", "data": {"text": "Thiết kế thông tầng độc đáo, gia chủ có thể tự do sáng tạo không gian sống theo cá tính riêng."}}]}'::jsonb,
    '{"items": [{"name": "Phòng Gym & Yoga", "distance": "50 m"}, {"name": "Sảnh chờ 5 sao", "distance": "0 m"}]}'::jsonb,
    11.0,
    'tỷ',
    ARRAY['https://placehold.co/1200x800/5F5F5F/FFFFFF?text=Prod022+Duplex+Living', 'https://placehold.co/1200x800/7E7E7E/FFFFFF?text=Prod022+Staircase'],
    '2025-06-13T05:28:18+07:00',
    'can-ho',
    'diamond-crown-hai-phong',
    'thanh-pho-hai-phong'
),
(
    'prod_023',
    'biet-thu',
    'project-flc-halong-bay',
    'thanh-pho-ha-long',
    'Cắt lỗ sâu biệt thự FLC Hạ Long 280m2, hướng Đông Nam, view sân golf',
    'Chủ nhà cần tiền định cư, bán lỗ sâu biệt thự song lập. Vị trí đẹp, gần khách sạn, không khí trong lành. Giá tốt nhất thị trường.',
    'cat-lo-sau-biet-thu-flc-ha-long-280m2-huong-dong-nam-prod-023',
    'Lô BT-15, FLC Halong Bay Golf Club & Luxury Resort',
    '{"blocks": [{"type": "heading", "data": {"level": 2, "text": "Cơ hội sở hữu BĐS nghỉ dưỡng"}}, {"type": "paragraph", "data": {"text": "Với mức giá không thể tốt hơn, sở hữu ngay biệt thự 5 sao với tầm nhìn triệu đô."}}]}'::jsonb,
    '{"items": [{"name": "Club House", "distance": "400 m"}, {"name": "Nhà hàng trên đồi", "distance": "500 m"}]}'::jsonb,
    19.5,
    'tỷ',
    ARRAY['https://placehold.co/1200x800/6A8A22/FFFFFF?text=Prod023+Villa+Front', 'https://placehold.co/1200x800/A5C05B/000000?text=Prod023+Balcony'],
    '2025-06-13T05:28:21+07:00',
    'biet-thu',
    'flc-halong-bay-golf-club-luxury-resort-quang-ninh',
    'thanh-pho-ha-long'
),
(
    'prod_024',
    'dat-nen',
    'project-stella-mega-city-cantho',
    'quan-binh-thuy',
    'Bán nền biệt thự Stella Mega City, 300m2, đối diện công viên ánh sáng',
    'Nền đất rộng, vị trí đối diện công viên trung tâm, thích hợp xây biệt thự sân vườn nghỉ dưỡng. Đã có sổ hồng, có thể xây dựng ngay.',
    'ban-nen-biet-thu-stella-mega-city-300m2-doi-dien-cong-vien-prod-024',
    'Lô BV-05, Phân khu The Ruby, Stella Mega City',
    '{"blocks": [{"type": "heading", "data": {"level": 2, "text": "Đất nền vị trí đẹp"}}, {"type": "paragraph", "data": {"text": "Sở hữu lô đất lớn tại vị trí trung tâm của đại đô thị hiện đại bậc nhất Cần Thơ."}}]}'::jsonb,
    '{"items": [{"name": "Công viên The Central Park", "distance": "100 m"}, {"name": "Khách sạn 5 sao", "distance": "400 m"}]}'::jsonb,
    8.8,
    'tỷ',
    ARRAY['https://placehold.co/1200x800/004225/FFFFFF?text=Prod024+Villa+Plot', 'https://placehold.co/1200x800/FFB000/000000?text=Prod024+Street+Plan'],
    '2025-06-13T05:28:24+07:00',
    'dat-nen',
    'stella-mega-city-can-tho',
    'quan-binh-thuy'
),
(
    'prod_025',
    'can-ho',
    'project-sonasea-villas-resort',
    'thanh-pho-phu-quoc',
    'Bán căn hộ khách sạn Best Western Premier Sonasea Phú Quốc, 45m2, view biển',
    'Căn condotel view biển trực diện, full nội thất 5 sao. Tham gia chương trình cho thuê, nhận lợi nhuận hàng năm và 15 đêm nghỉ miễn phí.',
    'ban-condotel-best-western-premier-sonasea-phu-quoc-45m2-prod-025',
    'Tầng 7, Best Western Premier Sonasea Phu Quoc, Bãi Trường',
    '{"blocks": [{"type": "heading", "data": {"level": 2, "text": "Đầu tư an toàn"}}, {"type": "paragraph", "data": {"text": "Sở hữu bất động sản nghỉ dưỡng được vận hành bởi thương hiệu quốc tế, đảm bảo công suất phòng và lợi nhuận."}}]}'::jsonb,
    '{"items": [{"name": "Hồ bơi Lagoon", "distance": "50 m"}, {"name": "Ciel Spa", "distance": "100 m"}]}'::jsonb,
    3.5,
    'tỷ',
    ARRAY['https://placehold.co/1200x800/008B8B/FFFFFF?text=Prod025+Sea+View', 'https://placehold.co/1200x800/20B2AA/FFFFFF?text=Prod025+Condotel+Room'],
    '2025-06-13T05:28:27+07:00',
    'can-ho',
    'sonasea-villas-resort-phu-quoc',
    'thanh-pho-phu-quoc'
),
(
    'prod_026',
    'can-ho',
    'project-an-binh-city',
    'quan-bac-tu-liem',
    'Chủ gửi bán căn hộ An Bình City 90m2, 3PN, tòa A3, giá 4.5 tỷ, có thương lượng',
    'Căn hộ 3 phòng ngủ, thiết kế vuông vắn, hợp lý. Ban công hướng mát. Tòa A3 gần đường lớn, thuận tiện di chuyển.',
    'chu-gui-ban-can-ho-an-binh-city-90m2-3pn-toa-a3-gia-4-5-ty-prod-026',
    'Tòa A3, tầng 16, KĐT An Bình City, 232 Phạm Văn Đồng',
    '{"blocks": [{"type": "heading", "data": {"level": 2, "text": "Thông tin chi tiết"}}, {"type": "paragraph", "data": {"text": "Căn hộ thuộc quỹ hàng chủ nhà gửi bán, giá tốt so với thị trường. Sổ hồng đầy đủ, pháp lý minh bạch."}}]}'::jsonb,
    '{"items": [{"name": "Sân chơi trẻ em", "distance": "100 m"}, {"name": "Siêu thị Vinmart", "distance": "50 m"}]}'::jsonb,
    4.5,
    'tỷ',
    ARRAY['https://placehold.co/1200x800/ADD8E6/000000?text=Prod026+Bedroom', 'https://placehold.co/1200x800/87CEFA/000000?text=Prod026+Living'],
    '2025-06-13T05:28:30+07:00',
    'can-ho',
    'an-binh-city-hanoi',
    'quan-bac-tu-liem'
),
(
    'prod_027',
    'shophouse',
    'project-vega-city-nhatrang',
    'thanh-pho-nha-trang',
    'Bán shophouse Europe Avenue, Vega City Nha Trang, 110m2, phong cách châu Âu',
    'Shophouse trên đại lộ châu Âu, phong cách kiến trúc độc đáo. Nơi tập trung các thương hiệu thời trang, ẩm thực cao cấp. Tiềm năng kinh doanh lớn.',
    'ban-shophouse-europe-avenue-vega-city-nha-trang-110m2-prod-027',
    'Căn EA-09, Europe Avenue, Vega City Nha Trang',
    '{"blocks": [{"type": "heading", "data": {"level": 2, "text": "Tâm điểm giao thương"}}, {"type": "paragraph", "data": {"text": "Nằm trên trục đường chính của quần thể, đón lượng khách khổng lồ mỗi ngày. Thiết kế 4 tầng, tối ưu không gian kinh doanh."}}]}'::jsonb,
    '{"items": [{"name": "Đại lộ ánh sáng", "distance": "20 m"}, {"name": "Khách sạn Meliá Nha Trang", "distance": "200 m"}]}'::jsonb,
    19.0,
    'tỷ',
    ARRAY['https://placehold.co/1200x800/A0522D/FFFFFF?text=Prod027+Europe+Avenue', 'https://placehold.co/1200x800/D2691E/FFFFFF?text=Prod027+Shophouse+Design'],
    '2025-06-13T05:28:33+07:00',
    'shophouse',
    'vega-city-nha-trang',
    'thanh-pho-nha-trang'
),
(
    'prod_028',
    'can-ho',
    'project-tokyu-garden-city',
    'thanh-pho-thu-dau-mot',
    'Bán căn hộ The View, 60m2, 2PN, đối diện công viên Midori Park',
    'Căn hộ thuộc dự án The View, đối diện công viên xanh mát. Tầm nhìn thoáng đãng. Chất lượng bàn giao chuẩn Nhật, cộng đồng văn minh.',
    'ban-can-ho-the-view-thanh-pho-moi-binh-duong-60m2-2pn-prod-028',
    'Tầng 21, Tháp G, The View, Midori Park',
    '{"blocks": [{"type": "heading", "data": {"level": 2, "text": "Căn hộ The View"}}, {"type": "paragraph", "data": {"text": "Tận hưởng cuộc sống trong lành, yên tĩnh trong khu compound do Nhật Bản phát triển. Tiện ích đầy đủ, an ninh tuyệt đối."}}]}'::jsonb,
    '{"items": [{"name": "Công viên Midori Park", "distance": "50 m"}, {"name": "TTTM SORA gardens SC", "distance": "400 m"}]}'::jsonb,
    2.9,
    'tỷ',
    ARRAY['https://placehold.co/1200x800/8FBC8F/000000?text=Prod028+The+View+Apt', 'https://placehold.co/1200x800/3CB371/FFFFFF?text=Prod028+Park+View'],
    '2025-06-13T05:28:36+07:00',
    'can-ho',
    'tokyu-garden-city-binh-duong',
    'thanh-pho-thu-dau-mot'
),
(
    'prod_029',
    'can-ho',
    'project-richstar',
    'quan-tan-phu',
    'Bán căn hộ Richstar 3PN+1 91m2, tầng trung, view nội khu',
    'Cần bán căn hộ 3 phòng ngủ + 1 không gian đa năng, thích hợp cho vợ chồng trẻ. Nhà mới, sạch sẽ, tặng lại một số nội thất cơ bản.',
    'ban-can-ho-richstar-1pn-1-53m2-tang-trung-view-noi-khu-prod-029',
    'Tháp RS3, tầng 11, RichStar Residence',
    '{"blocks": [{"type": "heading", "data": {"level": 2, "text": "Mô tả"}}, {"type": "paragraph", "data": {"text": "Căn hộ thiết kế hợp lý, ban công hướng Bắc. Tiện ích hồ bơi, gym ngay dưới chân tháp. Sổ hồng sẵn có."}}]}'::jsonb,
    '{"items": [{"name": "Hồ bơi", "distance": "20 m"}, {"name": "Công viên nội khu", "distance": "100 m"}]}'::jsonb,
    4.85,
    'tỷ',
    ARRAY['https://placehold.co/1200x800/A0937D/FFFFFF?text=Prod011+Living', 'https://placehold.co/1200x800/B2A4FF/000000?text=Prod011+Bedroom'],
    '2025-06-17T05:25:23+07:00',
    'can-ho',
    'richstar-residence-tan-phu',
    'tan-phu'
),
(
    'prod_030',
    'can-ho',
    'project-richstar',
    'quan-tan-phu',
    'Bán căn hộ Richstar 3PN+1 91m2, tầng trung, view nội khu',
    'Cần bán căn hộ 3 phòng ngủ + 1 không gian đa năng, thích hợp cho vợ chồng trẻ. Nhà mới, sạch sẽ, tặng lại một số nội thất cơ bản.',
    'ban-can-ho-richstar-1pn-1-53m2-tang-trung-view-noi-khu-prod-030',
    'Tháp RS3, tầng 11, RichStar Residence',
    '{"blocks": [{"type": "heading", "data": {"level": 2, "text": "Mô tả"}}, {"type": "paragraph", "data": {"text": "Căn hộ thiết kế hợp lý, ban công hướng Bắc. Tiện ích hồ bơi, gym ngay dưới chân tháp. Sổ hồng sẵn có."}}]}'::jsonb,
    '{"items": [{"name": "Hồ bơi", "distance": "20 m"}, {"name": "Công viên nội khu", "distance": "100 m"}]}'::jsonb,
    4.95,
    'tỷ',
    ARRAY['https://placehold.co/1200x800/A0937D/FFFFFF?text=Prod011+Living', 'https://placehold.co/1200x800/B2A4FF/000000?text=Prod011+Bedroom'],
    '2025-06-18T05:25:23+07:00',
    'can-ho',
    'richstar-residence-tan-phu',
    'tan-phu'
),
(
    'prod_031',
    'can-ho',
    'project-richstar',
    'quan-tan-phu',
    'Bán căn hộ Richstar 3PN+1 94m2, tầng trung, view nội khu',
    'Cần bán căn hộ 3 phòng ngủ + 1 không gian đa năng, thích hợp cho vợ chồng trẻ. Nhà mới, sạch sẽ, tặng lại một số nội thất cơ bản.',
    'ban-can-ho-richstar-1pn-1-53m2-tang-trung-view-noi-khu-prod-031',
    'Tháp RS3, tầng 11, RichStar Residence',
    '{"blocks": [{"type": "heading", "data": {"level": 2, "text": "Mô tả"}}, {"type": "paragraph", "data": {"text": "Căn hộ thiết kế hợp lý, ban công hướng Bắc. Tiện ích hồ bơi, gym ngay dưới chân tháp. Sổ hồng sẵn có."}}]}'::jsonb,
    '{"items": [{"name": "Hồ bơi", "distance": "20 m"}, {"name": "Công viên nội khu", "distance": "100 m"}]}'::jsonb,
    5.85,
    'tỷ',
    ARRAY['https://placehold.co/1200x800/A0937D/FFFFFF?text=Prod011+Living', 'https://placehold.co/1200x800/B2A4FF/000000?text=Prod011+Bedroom'],
    '2025-06-17T05:25:23+07:00',
    'can-ho',
    'richstar-residence-tan-phu',
    'tan-phu'
),
(
    'prod_032',
    'can-ho',
    'project-richstar',
    'quan-tan-phu',
    'Bán căn hộ Richstar 1PN+1 53m2, tầng trung, view nội khu',
    'Cần bán căn hộ 1 phòng ngủ + 1 không gian đa năng, thích hợp cho vợ chồng trẻ. Nhà mới, sạch sẽ, tặng lại một số nội thất cơ bản.',
    'ban-can-ho-richstar-1pn-1-53m2-tang-trung-view-noi-khu-prod-032',
    'Tháp RS3, tầng 11, RichStar Residence',
    '{"blocks": [{"type": "heading", "data": {"level": 2, "text": "Mô tả"}}, {"type": "paragraph", "data": {"text": "Căn hộ thiết kế hợp lý, ban công hướng Bắc. Tiện ích hồ bơi, gym ngay dưới chân tháp. Sổ hồng sẵn có."}}]}'::jsonb,
    '{"items": [{"name": "Hồ bơi", "distance": "20 m"}, {"name": "Công viên nội khu", "distance": "100 m"}]}'::jsonb,
    2.85,
    'tỷ',
    ARRAY['https://placehold.co/1200x800/A0937D/FFFFFF?text=Prod011+Living', 'https://placehold.co/1200x800/B2A4FF/000000?text=Prod011+Bedroom'],
    '2025-06-19T05:25:23+07:00',
    'can-ho',
    'richstar-residence-tan-phu',
    'tan-phu'
),
(
    'prod_033',
    'can-ho',
    'project-richstar',
    'quan-tan-phu',
    'Bán căn hộ Richstar 3PN+1 94m2, tầng trung, view nội khu',
    'Bán nhanh căn hộ 3 phòng ngủ + 1 không gian đa năng, thích hợp cho vợ chồng trẻ. Nhà mới, sạch sẽ, tặng lại một số nội thất cơ bản.',
    'ban-can-ho-richstar-1pn-1-53m2-tang-trung-view-noi-khu-prod-033',
    'Tháp RS3, tầng 11, RichStar Residence',
    '{"blocks": [{"type": "heading", "data": {"level": 2, "text": "Mô tả"}}, {"type": "paragraph", "data": {"text": "Căn hộ thiết kế hợp lý, ban công hướng Bắc. Tiện ích hồ bơi, gym ngay dưới chân tháp. Sổ hồng sẵn có."}}]}'::jsonb,
    '{"items": [{"name": "Hồ bơi", "distance": "20 m"}, {"name": "Công viên nội khu", "distance": "100 m"}]}'::jsonb,
    5.85,
    'tỷ',
    ARRAY['https://placehold.co/1200x800/A0937D/FFFFFF?text=Prod011+Living', 'https://placehold.co/1200x800/B2A4FF/000000?text=Prod011+Bedroom'],
    '2025-06-17T05:25:23+07:00',
    'can-ho',
    'richstar-residence-tan-phu',
    'tan-phu'
)
;
INSERT INTO "ProductRent" (
    id,
    product_type_id,
    project_id,
    location_id,
    title,
    description,
    slug,
    address_detail,
    content_blocks,
    nearby_amenities,
    price,
    price_unit,
    images,
    published_date,
    cached_product_type_slug,
    cached_project_slug,
    cached_location_slug
) VALUES
(
    'rent_001',
    'can-ho',
    'project-richstar',
    'quan-tan-phu',
    'Cho thuê căn hộ Richstar 2PN 65m2, full nội thất xịn, giá 12 triệu/tháng',
    'Nhà trang bị đầy đủ nội thất cao cấp, TV, tủ lạnh, máy giặt, sofa... Khách thuê chỉ cần xách vali vào ở. Ưu tiên hợp đồng trên 1 năm.',
    'cho-thue-can-ho-2pn-65m2-richstar-full-noi-that-xin-gia-12-trieu-thang-rent-001',
    'Tháp RS2, tầng 18, RichStar Residence',
    '{"blocks": [{"type": "heading", "data": {"level": 2, "text": "Thông tin căn hộ cho thuê"}}, {"type": "paragraph", "data": {"text": "Căn hộ có ban công view hồ bơi, thoáng mát. Nội thất được chủ nhà chăm chút kỹ lưỡng."}}]}'::jsonb,
    '{"items": [{"name": "Hồ bơi tràn bờ", "distance": "50 m"}, {"name": "Siêu thị Lotte Mart", "distance": "500 m"}]}'::jsonb,
    12,
    'triệu/tháng',
    ARRAY['https://placehold.co/1200x800/EBD8B2/000000?text=Rent001+LivingRoom', 'https://placehold.co/1200x800/A2B5BB/FFFFFF?text=Rent001+Bedroom'],
    '2025-06-13T05:30:23+07:00',
    'can-ho',
    'richstar-residence-tan-phu',
    'tan-phu'
),
(
    'rent_002',
    'can-ho',
    'project-vinhomes-grand-park',
    'thanh-pho-thu-duc',
    'Cho thuê studio The Beverly Solari Vinhomes Grand Park, nội thất cơ bản',
    'Căn hộ studio mới nhận bàn giao, đã trang bị máy lạnh, rèm cửa, giàn phơi. Phù hợp cho sinh viên hoặc người độc thân. Tận hưởng tiện ích 5 sao.',
    'cho-thue-studio-the-beverly-solari-vinhomes-grand-park-ntcb-rent-002',
    'Tòa BS1, tầng 15, The Beverly Solari, Vinhomes Grand Park',
    '{"blocks": [{"type": "heading", "data": {"level": 2, "text": "Chi tiết"}}, {"type": "paragraph", "data": {"text": "Giá thuê chưa bao gồm phí quản lý. Cọc 1 tháng, thanh toán hàng tháng."}}]}'::jsonb,
    '{"items": [{"name": "Quảng trường Golden Eagle", "distance": "200 m"}, {"name": "Trạm xe buýt VinBus", "distance": "100 m"}]}'::jsonb,
    6,
    'triệu/tháng',
    ARRAY['https://placehold.co/1200x800/86A789/FFFFFF?text=Rent002+Studio', 'https://placehold.co/1200x800/B2C8BA/000000?text=Rent002+View'],
    '2025-06-13T05:31:00+07:00',
    'can-ho',
    'vinhomes-grand-park-thu-duc',
    'thanh-pho-thu-duc'
),
(
    'rent_003',
    'shophouse',
    'project-vinhomes-grand-park',
    'thanh-pho-thu-duc',
    'Cho thuê shophouse The Rainbow, 90m2, tiện kinh doanh cà phê, siêu thị',
    'Shophouse khối đế, nằm trong khu dân cư đông đúc nhất dự án. Hoàn thiện cơ bản, có thể nhận nhà ngay để decor. Hợp đồng thuê dài hạn, giá thương lượng.',
    'cho-thue-shophouse-the-rainbow-vinhomes-grand-park-90m2-rent-003',
    'SH08, Tòa S3.02, The Rainbow, Vinhomes Grand Park',
    '{"blocks": [{"type": "heading", "data": {"level": 2, "text": "Mặt bằng kinh doanh"}}, {"type": "paragraph", "data": {"text": "Vị trí đẹp, gần trường học, lưu lượng cư dân qua lại đông. Phù hợp kinh doanh các mặt hàng thiết yếu."}}]}'::jsonb,
    '{"items": [{"name": "Trường mầm non Vinschool", "distance": "150 m"}, {"name": "Công viên nội khu", "distance": "50 m"}]}'::jsonb,
    40,
    'triệu/tháng',
    ARRAY['https://placehold.co/1200x800/222831/FFFFFF?text=Rent003+Shophouse+Front'],
    '2025-06-13T05:32:00+07:00',
    'shophouse',
    'vinhomes-grand-park-thu-duc',
    'thanh-pho-thu-duc'
),
(
    'rent_004',
    'can-ho',
    'project-diamond-crown-haiphong',
    'thanh-pho-hai-phong',
    'Cho thuê căn hộ dịch vụ 2PN Diamond Crown, full dịch vụ, cho chuyên gia',
    'Căn hộ 5 sao, nội thất sang trọng. Giá thuê đã bao gồm phí quản lý, dọn dẹp 3 lần/tuần, internet. Chỉ cần xách vali vào ở. Ưu tiên chuyên gia nước ngoài.',
    'cho-thue-can-ho-dich-vu-2pn-diamond-crown-hai-phong-full-dich-vu-rent-004',
    'Tầng 22, Tháp B, Diamond Crown Hai Phong',
    '{"blocks": [{"type": "heading", "data": {"level": 2, "text": "Dịch vụ đi kèm"}}, {"type": "paragraph", "data": {"text": "Tận hưởng cuộc sống tiện nghi với các dịch vụ tiêu chuẩn khách sạn 5 sao. An ninh tuyệt đối, sảnh lễ tân riêng."}}]}'::jsonb,
    '{"items": [{"name": "Hồ bơi bốn mùa", "distance": "100 m"}, {"name": "Sảnh Cigar & Rượu vang", "distance": "50 m"}]}'::jsonb,
    25,
    'triệu/tháng',
    ARRAY['https://placehold.co/1200x800/B4B4B3/000000?text=Rent004+Apartment', 'https://placehold.co/1200x800/DCDCDC/000000?text=Rent004+Lobby'],
    '2025-06-13T05:33:00+07:00',
    'can-ho',
    'diamond-crown-hai-phong',
    'thanh-pho-hai-phong'
),
(
    'rent_005',
    'nha-pho',
    'project-stella-mega-city-cantho',
    'quan-binh-thuy',
    'Cho thuê nhà phố 1 trệt 2 lầu Stella Mega City, đường 14m, nội thất cơ bản',
    'Nhà phố mới xây, hoàn thiện cơ bản. Vị trí gần công viên, đường lớn. Thích hợp để ở kết hợp làm văn phòng công ty.',
    'cho-thue-nha-pho-1t2l-stella-mega-city-duong-14m-ntcb-rent-005',
    'Số 55, Đường số 12, KĐT Stella Mega City, Cần Thơ',
    '{"blocks": [{"type": "heading", "data": {"level": 2, "text": "Thông tin nhà"}}, {"type": "paragraph", "data": {"text": "Diện tích đất 110m2, tổng diện tích sử dụng ~250m2. Có 4 phòng ngủ, 3 WC, sân thượng."}}]}'::jsonb,
    '{"items": [{"name": "Ủy ban Nhân dân Q. Bình Thủy", "distance": "400 m"}, {"name": "Sân bay Cần Thơ", "distance": "5 phút"}]}'::jsonb,
    15,
    'triệu/tháng',
    ARRAY['https://placehold.co/1200x800/0F2167/FFFFFF?text=Rent005+Townhouse'],
    '2025-06-13T05:34:00+07:00',
    'nha-pho',
    'stella-mega-city-can-tho',
    'quan-binh-thuy'
),
(
    'rent_006',
    'biet-thu-nghi-duong',
    'project-sonasea-villas-resort',
    'thanh-pho-phu-quoc',
    'Cho thuê biệt thự 3PN Sonasea Villas Phú Quốc theo tháng, có hồ bơi riêng',
    'Biệt thự trang bị đầy đủ nội thất cao cấp, có hồ bơi riêng và sân vườn. Giá thuê theo tháng, đã bao gồm phí quản lý và dọn dẹp.',
    'cho-thue-biet-thu-3pn-sonasea-villas-phu-quoc-theo-thang-rent-006',
    'Căn SV-77, Sonasea Villas & Resort, Phú Quốc',
    '{"blocks": [{"type": "heading", "data": {"level": 2, "text": "Nghỉ dưỡng dài hạn"}}, {"type": "paragraph", "data": {"text": "Trải nghiệm cuộc sống thượng lưu tại Đảo Ngọc với căn biệt thự tiện nghi, gần các khu vui chơi giải trí hàng đầu."}}]}'::jsonb,
    '{"items": [{"name": "Phố đi bộ Sonasea", "distance": "300 m"}, {"name": "Bãi biển Bãi Trường", "distance": "500 m"}]}'::jsonb,
    50,
    'triệu/tháng',
    ARRAY['https://placehold.co/1200x800/F2E8C6/000000?text=Rent006+Villa+Pool'],
    '2025-06-13T05:35:00+07:00',
    'biet-thu-nghi-duong',
    'sonasea-villas-resort-phu-quoc',
    'thanh-pho-phu-quoc'
),
(
    'rent_007',
    'can-ho',
    'project-an-binh-city',
    'quan-bac-tu-liem',
    'Cho thuê căn hộ 2PN An Bình City, 74m2, đồ cơ bản, giá 11 triệu',
    'Căn hộ có sẵn 2 điều hòa, nóng lạnh, tủ bếp. Nhà sạch sẽ, tầng trung, view thoáng. Giá thuê rẻ nhất dự án. Vào ở ngay.',
    'cho-thue-can-ho-2pn-an-binh-city-74m2-do-co-ban-11-trieu-rent-007',
    'Tòa A2, tầng 19, KĐT An Bình City, Hà Nội',
    '{"blocks": [{"type": "heading", "data": {"level": 2, "text": "Thông tin"}}, {"type": "paragraph", "data": {"text": "Ưu tiên hộ gia đình thuê lâu dài. Hợp đồng tối thiểu 1 năm, cọc 1 tháng."}}]}'::jsonb,
    '{"items": [{"name": "Hồ điều hòa 15ha", "distance": "200 m"}, {"name": "Siêu thị Vinmart", "distance": "100 m"}]}'::jsonb,
    11,
    'triệu/tháng',
    ARRAY['https://placehold.co/1200x800/B0C4DE/000000?text=Rent007+LivingRoom'],
    '2025-06-13T05:36:00+07:00',
    'can-ho',
    'an-binh-city-hanoi',
    'quan-bac-tu-liem'
),
(
    'rent_008',
    'shophouse',
    'project-vega-city-nhatrang',
    'thanh-pho-nha-trang',
    'Cho thuê shophouse mặt biển Vega City Nha Trang, 120m2, hoàn thiện cơ bản',
    'Cho thuê dài hạn shophouse tại tuyến phố đi bộ sầm uất. Vị trí đắc địa để kinh doanh nhà hàng, cafe, thời trang. Bàn giao thô bên trong, chủ nhà hỗ trợ thời gian sửa chữa.',
    'cho-thue-shophouse-mat-bien-vega-city-nha-trang-120m2-rent-008',
    'Căn VCS-28, Vega Continental Shopping Plaza, Vega City',
    '{"blocks": [{"type": "heading", "data": {"level": 2, "text": "Mặt bằng kinh doanh F&B"}}, {"type": "paragraph", "data": {"text": "Vị trí không thể đẹp hơn để kinh doanh nhà hàng, quán bar, đón trọn lượng khách du lịch khổng lồ của toàn quần thể."}}]}'::jsonb,
    '{"items": [{"name": "Nhà hát The Đó", "distance": "100 m"}, {"name": "Câu lạc bộ biển Beach Club", "distance": "50 m"}]}'::jsonb,
    80,
    'triệu/tháng',
    ARRAY['https://placehold.co/1200x800/1E3A8A/FFFFFF?text=Rent008+Shophouse'],
    '2025-06-13T05:37:00+07:00',
    'shophouse',
    'vega-city-nha-trang',
    'thanh-pho-nha-trang'
),
(
    'rent_009',
    'can-ho',
    'project-tokyu-garden-city',
    'thanh-pho-thu-dau-mot',
    'Cho thuê căn hộ Sora Gardens I, 2PN, 76m2, full nội thất Nhật Bản cao cấp',
    'Căn hộ trang bị đầy đủ nội thất sang trọng, khách thuê chỉ cần mang quần áo vào ở. Cộng đồng chuyên gia Nhật Bản văn minh, an ninh 24/7.',
    'cho-thue-can-ho-sora-gardens-i-2pn-full-noi-that-nhat-ban-rent-009',
    'Tầng 10, Tháp B, Sora Gardens I, Thành phố mới Bình Dương',
    '{"blocks": [{"type": "heading", "data": {"level": 2, "text": "Dành cho chuyên gia"}}, {"type": "paragraph", "data": {"text": "Không gian sống chuẩn Nhật, yên tĩnh và đầy đủ tiện nghi, là lựa chọn hàng đầu cho các chuyên gia làm việc tại Bình Dương."}}]}'::jsonb,
    '{"items": [{"name": "TTTM SORA gardens SC", "distance": "200 m"}, {"name": "Công viên Midori", "distance": "500 m"}]}'::jsonb,
    18,
    'triệu/tháng',
    ARRAY['https://placehold.co/1200x800/C63D2F/FFFFFF?text=Rent009+Sora+Gardens', 'https://placehold.co/1200x800/E36414/000000?text=Rent009+Bedroom'],
    '2025-06-13T05:31:41+07:00',
    'can-ho',
    'tokyu-garden-city-binh-duong',
    'thanh-pho-thu-dau-mot'
),
(
    'rent_010',
    'biet-thu',
    'project-flc-halong-bay',
    'thanh-pho-ha-long',
    'Cho thuê biệt thự FLC Hạ Long 300m2 theo ngày/tháng, view sân golf',
    'Cho thuê nguyên căn biệt thự 4 phòng ngủ, đầy đủ tiện nghi, có bếp nấu. Hợp đồng linh hoạt theo ngày hoặc tháng. Tận hưởng không khí trong lành và tiện ích 5 sao.',
    'cho-thue-biet-thu-flc-ha-long-300m2-theo-ngay-thang-view-golf-rent-010',
    'Lô BT-21, FLC Halong Bay Golf Club & Luxury Resort',
    '{"blocks": [{"type": "heading", "data": {"level": 2, "text": "Villa nghỉ dưỡng"}}, {"type": "paragraph", "data": {"text": "Phù hợp cho các đoàn khách gia đình hoặc nhóm bạn bè đi du lịch, nghỉ dưỡng tại Hạ Long."}}]}'::jsonb,
    '{"items": [{"name": "Sân Golf 18 hố", "distance": "200 m"}, {"name": "Bể bơi vô cực", "distance": "400 m"}]}'::jsonb,
    70,
    'triệu/tháng',
    ARRAY['https://placehold.co/1200x800/6A8A22/FFFFFF?text=Rent010+Villa+FLC', 'https://placehold.co/1200x800/A5C05B/000000?text=Rent010+Golf+View'],
    '2025-06-13T05:31:45+07:00',
    'biet-thu',
    'flc-halong-bay-golf-club-luxury-resort-quang-ninh',
    'thanh-pho-ha-long'
),
(
    'rent_011',
    'can-ho',
    'project-vinhomes-grand-park',
    'thanh-pho-thu-duc',
    'Cho thuê căn hộ 3PN The Origami, 81m2, full nội thất cao cấp',
    'Căn hộ 3 phòng ngủ, view Vườn Nhật và hồ cá Koi. Đã trang bị đầy đủ nội thất sang trọng, phù hợp cho gia đình có con nhỏ muốn tận hưởng không gian sống đẳng cấp.',
    'cho-thue-can-ho-3pn-the-origami-vinhomes-grand-park-81m2-full-noi-that-rent-011',
    'Tòa S9.02, tầng 16, The Origami, Vinhomes Grand Park',
    '{"blocks": [{"type": "heading", "data": {"level": 2, "text": "Thông tin chi tiết"}}, {"type": "paragraph", "data": {"text": "Nội thất mới, hiện đại, tông màu ấm cúng. Giá thuê đã bao gồm phí quản lý."}}]}'::jsonb,
    '{"items": [{"name": "Vườn Nhật Bản", "distance": "100 m"}, {"name": "Trường liên cấp Vinschool", "distance": "400 m"}]}'::jsonb,
    14,
    'triệu/tháng',
    ARRAY['https://placehold.co/1200x800/A2B5BB/FFFFFF?text=Rent011+Origami+Living', 'https://placehold.co/1200x800/D8C4B6/000000?text=Rent011+Japan+Garden+View'],
    '2025-06-13T05:31:50+07:00',
    'can-ho',
    'vinhomes-grand-park-thu-duc',
    'thanh-pho-thu-duc'
),
(
    'rent_012',
    'nha-pho',
    'project-sonasea-villas-resort',
    'thanh-pho-phu-quoc',
    'Cho thuê nhà phố Sonasea Shopping Center, 120m2, đã hoàn thiện',
    'Nhà phố thương mại tại khu phố đi bộ sầm uất. Đã hoàn thiện, có thể vào kinh doanh ngay. Phù hợp làm nhà hàng, spa, cửa hàng thời trang.',
    'cho-thue-nha-pho-sonasea-shopping-center-120m2-da-hoan-thien-rent-012',
    'Căn 32, Phố đi bộ Sonasea, Bãi Trường, Phú Quốc',
    '{"blocks": [{"type": "heading", "data": {"level": 2, "text": "Mặt bằng kinh doanh"}}, {"type": "paragraph", "data": {"text": "Vị trí vàng, đón lượng khách du lịch khổng lồ từ các resort xung quanh. Hợp đồng cho thuê dài hạn."}}]}'::jsonb,
    '{"items": [{"name": "Chợ đêm Phú Quốc", "distance": "50 m"}, {"name": "Best Western Premier", "distance": "200 m"}]}'::jsonb,
    65,
    'triệu/tháng',
    ARRAY['https://placehold.co/1200x800/FFDAB9/000000?text=Rent012+Townhouse', 'https://placehold.co/1200x800/F4A460/FFFFFF?text=Rent012+Street'],
    '2025-06-13T05:31:55+07:00',
    'nha-pho',
    'sonasea-villas-resort-phu-quoc',
    'thanh-pho-phu-quoc'
),
(
    'rent_013',
    'can-ho',
    'project-an-binh-city',
    'quan-bac-tu-liem',
    'Cho thuê căn hộ 114m2 An Bình City, 3PN, không đồ, giá 13 triệu',
    'Căn hộ lớn nhất dự án, bàn giao cơ bản từ chủ đầu tư. Khách thuê có thể tự do trang trí nội thất theo ý muốn. View hồ điều hòa thoáng mát.',
    'cho-thue-can-ho-114m2-an-binh-city-3pn-khong-do-gia-13-trieu-rent-013',
    'Tòa A8, tầng 22, KĐT An Bình City, Hà Nội',
    '{"blocks": [{"type": "heading", "data": {"level": 2, "text": "Cho thuê giá tốt"}}, {"type": "paragraph", "data": {"text": "Giá cho thuê căn hộ trống, phù hợp cho hộ gia đình đã có sẵn đồ đạc. Có thể vào ở ngay."}}]}'::jsonb,
    '{"items": [{"name": "Siêu thị Mega Market", "distance": "500 m"}, {"name": "Trường Đoàn Thị Điểm", "distance": "1 km"}]}'::jsonb,
    13,
    'triệu/tháng',
    ARRAY['https://placehold.co/1200x800/ADD8E6/000000?text=Rent013+Empty+Room', 'https://placehold.co/1200x800/87CEFA/000000?text=Rent013+Balcony'],
    '2025-06-13T05:32:00+07:00',
    'can-ho',
    'an-binh-city-hanoi',
    'quan-bac-tu-liem'
),
(
    'rent_014',
    'can-ho',
    'project-richstar',
    'quan-tan-phu',
    'Cho thuê căn hộ Richstar 2PN 84m2, full nội thất xịn, giá 12 triệu/tháng',
    'Nhà trang bị đầy đủ nội thất cao cấp, TV, tủ lạnh, máy giặt, sofa... Khách thuê chỉ cần xách vali vào ở. Ưu tiên hợp đồng trên 1 năm.',
    'cho-thue-can-ho-2pn-684m2-richstar-full-noi-that-xin-gia-12-trieu-thang-rent-001',
    'Tháp RS2, tầng 18, RichStar Residence',
    '{"blocks": [{"type": "heading", "data": {"level": 2, "text": "Thông tin căn hộ cho thuê"}}, {"type": "paragraph", "data": {"text": "Căn hộ có ban công view hồ bơi, thoáng mát. Nội thất được chủ nhà chăm chút kỹ lưỡng."}}]}'::jsonb,
    '{"items": [{"name": "Hồ bơi tràn bờ", "distance": "50 m"}, {"name": "Siêu thị Lotte Mart", "distance": "500 m"}]}'::jsonb,
    13.5,
    'triệu/tháng',
    ARRAY['https://placehold.co/1200x800/EBD8B2/000000?text=Rent001+LivingRoom', 'https://placehold.co/1200x800/A2B5BB/FFFFFF?text=Rent001+Bedroom'],
    '2025-06-13T05:30:23+07:00',
    'can-ho',
    'richstar-residence-tan-phu',
    'tan-phu'
),
(
    'rent_015',
    'can-ho',
    'project-richstar',
    'quan-tan-phu',
    'Cho thuê căn hộ Richstar 2PN 65m2, full nội thất xịn, giá 11 triệu/tháng',
    'Nhà trang bị đầy đủ nội thất cao cấp, TV, tủ lạnh, máy giặt, sofa... Khách thuê chỉ cần xách vali vào ở. Ưu tiên hợp đồng trên 1 năm.',
    'cho-thue-can-ho-2pn-65m2-richstar-full-noi-that-xin-gia-12-trieu-thang-rent-015',
    'Tháp RS2, tầng 18, RichStar Residence',
    '{"blocks": [{"type": "heading", "data": {"level": 2, "text": "Thông tin căn hộ cho thuê"}}, {"type": "paragraph", "data": {"text": "Căn hộ có ban công view hồ bơi, thoáng mát. Nội thất được chủ nhà chăm chút kỹ lưỡng."}}]}'::jsonb,
    '{"items": [{"name": "Hồ bơi tràn bờ", "distance": "50 m"}, {"name": "Siêu thị Lotte Mart", "distance": "500 m"}]}'::jsonb,
    11,
    'triệu/tháng',
    ARRAY['https://placehold.co/1200x800/EBD8B2/000000?text=Rent001+LivingRoom', 'https://placehold.co/1200x800/A2B5BB/FFFFFF?text=Rent001+Bedroom'],
    '2025-06-14T05:30:23+07:00',
    'can-ho',
    'richstar-residence-tan-phu',
    'tan-phu'
),
(
    'rent_016',
    'can-ho',
    'project-richstar',
    'quan-tan-phu',
    'Cho thuê căn hộ Richstar 3PN 84m2, full nội thất xịn, giá 14 triệu/tháng',
    'Nhà trang bị đầy đủ nội thất cao cấp, TV, tủ lạnh, máy giặt, sofa... Khách thuê chỉ cần xách vali vào ở. Ưu tiên hợp đồng trên 1 năm.',
    'cho-thue-can-ho-2pn-65m2-richstar-full-noi-that-xin-gia-12-trieu-thang-rent-016',
    'Tháp RS2, tầng 18, RichStar Residence',
    '{"blocks": [{"type": "heading", "data": {"level": 2, "text": "Thông tin căn hộ cho thuê"}}, {"type": "paragraph", "data": {"text": "Căn hộ có ban công view hồ bơi, thoáng mát. Nội thất được chủ nhà chăm chút kỹ lưỡng."}}]}'::jsonb,
    '{"items": [{"name": "Hồ bơi tràn bờ", "distance": "50 m"}, {"name": "Siêu thị Lotte Mart", "distance": "500 m"}]}'::jsonb,
    14,
    'triệu/tháng',
    ARRAY['https://placehold.co/1200x800/EBD8B2/000000?text=Rent001+LivingRoom', 'https://placehold.co/1200x800/A2B5BB/FFFFFF?text=Rent001+Bedroom'],
    '2025-06-13T05:30:23+07:00',
    'can-ho',
    'richstar-residence-tan-phu',
    'tan-phu'
),
(
    'rent_017',
    'can-ho',
    'project-richstar',
    'quan-tan-phu',
    'Cho thuê căn hộ Richstar 3PN 91m2, full nội thất xịn, giá 15 triệu/tháng',
    'Nhà trang bị đầy đủ nội thất cao cấp, TV, tủ lạnh, máy giặt, sofa... Khách thuê chỉ cần xách vali vào ở. Ưu tiên hợp đồng trên 1 năm.',
    'cho-thue-can-ho-2pn-65m2-richstar-full-noi-that-xin-gia-12-trieu-thang-rent-017',
    'Tháp RS2, tầng 18, RichStar Residence',
    '{"blocks": [{"type": "heading", "data": {"level": 2, "text": "Thông tin căn hộ cho thuê"}}, {"type": "paragraph", "data": {"text": "Căn hộ có ban công view hồ bơi, thoáng mát. Nội thất được chủ nhà chăm chút kỹ lưỡng."}}]}'::jsonb,
    '{"items": [{"name": "Hồ bơi tràn bờ", "distance": "50 m"}, {"name": "Siêu thị Lotte Mart", "distance": "500 m"}]}'::jsonb,
    15,
    'triệu/tháng',
    ARRAY['https://placehold.co/1200x800/EBD8B2/000000?text=Rent001+LivingRoom', 'https://placehold.co/1200x800/A2B5BB/FFFFFF?text=Rent001+Bedroom'],
    '2025-06-17T05:30:23+07:10',
    'can-ho',
    'richstar-residence-tan-phu',
    'tan-phu'
),
(
    'rent_018',
    'can-ho',
    'project-richstar',
    'quan-tan-phu',
    'Cho thuê căn hộ Richstar 2PN 65m2, full nội thất xịn, giá 12 triệu/tháng',
    'Nhà trang bị đầy đủ nội thất cao cấp, TV, tủ lạnh, máy giặt, sofa... Khách thuê chỉ cần xách vali vào ở. Ưu tiên hợp đồng trên 1 năm.',
    'cho-thue-can-ho-2pn-65m2-richstar-full-noi-that-xin-gia-12-trieu-thang-rent-018',
    'Tháp RS2, tầng 18, RichStar Residence',
    '{"blocks": [{"type": "heading", "data": {"level": 2, "text": "Thông tin căn hộ cho thuê"}}, {"type": "paragraph", "data": {"text": "Căn hộ có ban công view hồ bơi, thoáng mát. Nội thất được chủ nhà chăm chút kỹ lưỡng."}}]}'::jsonb,
    '{"items": [{"name": "Hồ bơi tràn bờ", "distance": "50 m"}, {"name": "Siêu thị Lotte Mart", "distance": "500 m"}]}'::jsonb,
    12,
    'triệu/tháng',
    ARRAY['https://placehold.co/1200x800/EBD8B2/000000?text=Rent001+LivingRoom', 'https://placehold.co/1200x800/A2B5BB/FFFFFF?text=Rent001+Bedroom'],
    '2025-06-13T05:30:23+07:00',
    'can-ho',
    'richstar-residence-tan-phu',
    'tan-phu'
),
(
    'rent_019',
    'can-ho',
    'project-richstar',
    'quan-tan-phu',
    'Cho thuê căn hộ Richstar XXXXXX, full nội thất xịn, giá 12 triệu/tháng',
    'Nhà trang bị đầy đủ nội thất cao cấp, TV, tủ lạnh, máy giặt, sofa... Khách thuê chỉ cần xách vali vào ở. Ưu tiên hợp đồng trên 1 năm.',
    'cho-thue-can-ho-2pn-65m2-richstar-full-noi-that-xin-gia-12-trieu-thang-rent-019',
    'Tháp RS2, tầng 18, RichStar Residence',
    '{"blocks": [{"type": "heading", "data": {"level": 2, "text": "Thông tin căn hộ cho thuê"}}, {"type": "paragraph", "data": {"text": "Căn hộ có ban công view hồ bơi, thoáng mát. Nội thất được chủ nhà chăm chút kỹ lưỡng."}}]}'::jsonb,
    '{"items": [{"name": "Hồ bơi tràn bờ", "distance": "50 m"}, {"name": "Siêu thị Lotte Mart", "distance": "500 m"}]}'::jsonb,
    12,
    'triệu/tháng',
    ARRAY['https://placehold.co/1200x800/EBD8B2/000000?text=Rent001+LivingRoom', 'https://placehold.co/1200x800/A2B5BB/FFFFFF?text=Rent001+Bedroom'],
    '2025-06-13T05:30:23+07:00',
    'can-ho',
    'richstar-residence-tan-phu',
    'tan-phu'
),
(
    'rent_020',
    'can-ho',
    'project-richstar',
    'quan-tan-phu',
    'Cho thuê căn hộ Richstar 1PN 65m2, full nội thất xịn, giá 10 triệu/tháng',
    'Nhà trang bị đầy đủ nội thất cao cấp, TV, tủ lạnh, máy giặt, sofa... Khách thuê chỉ cần xách vali vào ở. Ưu tiên hợp đồng trên 1 năm.',
    'cho-thue-can-ho-2pn-65m2-richstar-full-noi-that-xin-gia-12-trieu-thang-rent-020',
    'Tháp RS2, tầng 18, RichStar Residence',
    '{"blocks": [{"type": "heading", "data": {"level": 2, "text": "Thông tin căn hộ cho thuê"}}, {"type": "paragraph", "data": {"text": "Căn hộ có ban công view hồ bơi, thoáng mát. Nội thất được chủ nhà chăm chút kỹ lưỡng."}}]}'::jsonb,
    '{"items": [{"name": "Hồ bơi tràn bờ", "distance": "50 m"}, {"name": "Siêu thị Lotte Mart", "distance": "500 m"}]}'::jsonb,
    10,
    'triệu/tháng',
    ARRAY['https://placehold.co/1200x800/EBD8B2/000000?text=Rent001+LivingRoom', 'https://placehold.co/1200x800/A2B5BB/FFFFFF?text=Rent001+Bedroom'],
    '2025-06-13T05:30:23+07:00',
    'can-ho',
    'richstar-residence-tan-phu',
    'tan-phu'
),
(
    'rent_021',
    'can-ho',
    'project-richstar',
    'quan-tan-phu',
    'Căn hộ 1 phòng ngủ: Diện tích 53m2, giá khoảng 10-11 triệu/tháng.',
    'Nhà trang bị đầy đủ nội thất cao cấp, TV, tủ lạnh, máy giặt, sofa... Khách thuê chỉ cần xách vali vào ở. Ưu tiên hợp đồng trên 1 năm.',
    'cho-thue-can-ho-2pn-65m2-richstar-full-noi-that-xin-gia-12-trieu-thang-rent-021',
    'Tháp RS2, tầng 18, RichStar Residence',
    '{"blocks": [{"type": "heading", "data": {"level": 2, "text": "Thông tin căn hộ cho thuê"}}, {"type": "paragraph", "data": {"text": "Căn hộ có ban công view hồ bơi, thoáng mát. Nội thất được chủ nhà chăm chút kỹ lưỡng."}}]}'::jsonb,
    '{"items": [{"name": "Hồ bơi tràn bờ", "distance": "50 m"}, {"name": "Siêu thị Lotte Mart", "distance": "500 m"}]}'::jsonb,
    12,
    'triệu/tháng',
    ARRAY['https://placehold.co/1200x800/EBD8B2/000000?text=Rent001+LivingRoom', 'https://placehold.co/1200x800/A2B5BB/FFFFFF?text=Rent001+Bedroom'],
    '2025-06-13T05:30:23+07:00',
    'can-ho',
    'richstar-residence-tan-phu',
    'tan-phu'
);
INSERT INTO "BusinessProjectParticipation" (business_id, project_id, role_in_project) VALUES
('biz-nova', 'project-richstar', 'Chủ đầu tư'),
('biz-hoabinh', 'project-richstar', 'Nhà thầu xây dựng'),
('biz-vingroup', 'project-vinhomes-grand-park', 'Chủ đầu tư'),
('biz-coteccons', 'project-vinhomes-grand-park', 'Nhà thầu xây dựng'),
('biz-vinhomes-realty', 'project-vinhomes-grand-park', 'Sàn môi giới'),
('biz-sungroup', 'project-sunworld-bana-hills', 'Chủ đầu tư'),
('biz-unicon', 'project-sunworld-bana-hills', 'Nhà thầu xây dựng'),
('biz-wsp', 'project-sunworld-bana-hills', 'Đơn vị thiết kế'),
('biz-dojiland', 'project-diamond-crown-haiphong', 'Chủ đầu tư'),
('biz-newtecons', 'project-diamond-crown-haiphong', 'Nhà thầu xây dựng'),
('biz-artelia-group', 'project-diamond-crown-haiphong', 'Đơn vị quản lý & vận hành'),
('biz-flc-group', 'project-flc-halong-bay', 'Chủ đầu tư'),
('biz-faros', 'project-flc-halong-bay', 'Nhà thầu xây dựng'),
('biz-wyndham', 'project-flc-halong-bay', 'Đơn vị quản lý & vận hành'),
('biz-kdi-holdings', 'project-vega-city-nhatrang', 'Chủ đầu tư'),
('biz-hyundai-enc', 'project-vega-city-nhatrang', 'Nhà thầu xây dựng'),
('biz-nda-group', 'project-vega-city-nhatrang', 'Đơn vị thiết kế'),
('biz-accor', 'project-vega-city-nhatrang', 'Đơn vị quản lý & vận hành'),
('biz-geleximco', 'project-an-binh-city', 'Chủ đầu tư'),
('biz-phuc-hung-holdings', 'project-an-binh-city', 'Nhà thầu xây dựng'),
('biz-dat-xanh-mien-bac', 'project-an-binh-city', 'Sàn môi giới'),
('biz-becamex-idc', 'project-tokyu-garden-city', 'Chủ đầu tư'),
('biz-hoabinh', 'project-tokyu-garden-city', 'Nhà thầu xây dựng'),
('biz-kita-group', 'project-stella-mega-city-cantho', 'Chủ đầu tư'),
('biz-delta-group', 'project-stella-mega-city-cantho', 'Nhà thầu xây dựng'),
('biz-dkra-vietnam', 'project-stella-mega-city-cantho', 'Sàn môi giới'),
('biz-ceo-group', 'project-sonasea-villas-resort', 'Chủ đầu tư'),
('biz-coteccons', 'project-sonasea-villas-resort', 'Nhà thầu xây dựng'),
('biz-marriott', 'project-sonasea-villas-resort', 'Đơn vị quản lý & vận hành');

INSERT INTO "ProjectZones" (
    project_id, 
    name, 
    description
) VALUES 
-- =========== PHÂN KHU CHO DỰ ÁN RICHSTAR (THEO VÍ DỤ) ===========
(
    'project-richstar', -- project_id: Liên kết với dự án RichStar
    'Khu 1 - RichStar', -- name: Tên của phân khu 1
    'Bao gồm các tháp căn hộ RS1, RS2, và RS3, là trái tim của dự án với vị trí gần hồ bơi và các tiện ích trung tâm nhất.' -- description
),
(
    'project-richstar', -- project_id: Cũng thuộc dự án RichStar
    'Khu 2 - RichStar', -- name: Tên của phân khu 2
    'Bao gồm các tháp RS4, RS5, và RS6 thuộc giai đoạn 2, sở hữu tầm nhìn thoáng đãng hơn về phía công viên và thành phố.' -- description
);

INSERT INTO "NewsArticle" (
    id, 
    title,
    description, 
    slug,  
    content, 
    news_category_id, 
    published_date, 
    tags, 
    cached_category_slug
) VALUES
(
    'news-article-1',
    'Gamuda Land chính thức ra mắt phân khu Diamond tại Celadon City',
    'Sáng ngày 08/06/2025, chủ đầu tư Gamuda Land đã tổ chức sự kiện ra mắt phân khu cao cấp nhất dự án Celadon City, thu hút hàng trăm khách hàng và nhà đầu tư.',
    'gamuda-land-ra-mat-phan-khu-diamond-celadon-city',
    '<h2>Sự kiện ra mắt hoành tráng</h2><p>Sự kiện được tổ chức tại trung tâm hội nghị của dự án với sự tham gia của ban lãnh đạo cấp cao từ Gamuda Land Việt Nam. Tại sự kiện, chủ đầu tư đã giới thiệu các loại hình căn hộ thông minh và các chính sách bán hàng ưu đãi đặc biệt cho những khách hàng đầu tiên.</p><h3>Điểm nhấn của phân khu Diamond</h3><p>Phân khu Diamond được định vị là dòng sản phẩm cao cấp nhất tại Celadon City, với các đặc điểm nổi bật:</p><ul><li>Tất cả các căn hộ đều được trang bị hệ thống smarthome.</li><li>Hệ thống an ninh đa lớp, sử dụng công nghệ nhận diện khuôn mặt.</li><li>Tiện ích riêng tư chỉ dành cho cư dân Diamond: hồ bơi vô cực, sky lounge...</li></ul><p>Phát biểu tại sự kiện, ông Dennis Ng, tổng giám đốc Gamuda Land, cho biết: "Chúng tôi không chỉ xây nhà, chúng tôi kiến tạo nên những cộng đồng bền vững."</p>',
    'news-du-an',
    '2025-06-08T11:30:00Z',
    ARRAY['Celadon City', 'Gamuda Land', 'mở bán', 'căn hộ cao cấp'],
    'tin-tuc/du-an'
),
(
    'news-article-3',
    'Vinhomes Grand Park khởi công TTTM Vincom Mega Mall lớn nhất miền Nam',
    'Ngày 09/06/2025, Tập đoàn Vingroup đã chính thức khởi công Trung tâm thương mại Vincom Mega Mall thế hệ mới tại đại đô thị Vinhomes Grand Park, dự kiến sẽ trở thành điểm đến mua sắm, giải trí hàng đầu khu vực.',
    'vinhomes-grand-park-khoi-cong-vincom-mega-mall',
    '<h2>Thiết kế độc đáo và quy mô vượt trội</h2><p>Vincom Mega Mall Grand Park có tổng diện tích sàn lên đến 50,000 m2, được thiết kế theo mô hình "Life-Design Mall" lần đầu tiên xuất hiện tại Việt Nam. Mô hình này tập trung vào trải nghiệm khách hàng với nhiều không gian xanh, khu vực tương tác nghệ thuật và các cửa hàng flagship của các thương hiệu lớn.</p><h3>Các hạng mục nổi bật</h3><ul><li>Rạp chiếu phim CGV với phòng chiếu IMAX Lazer hiện đại.</li><li>Khu trượt băng trong nhà.</li><li>Đại siêu thị VinMart và trung tâm điện máy VinPro.</li><li>Hàng trăm gian hàng ẩm thực, thời trang trong nước và quốc tế.</li></ul><p>Dự kiến sau khi hoàn thành vào cuối năm 2026, TTTM này sẽ phục vụ không chỉ cho gần 200,000 cư dân của Vinhomes Grand Park mà còn cho cả khu vực phía Đông TP.HCM.</p>',
    'news-du-an',
    '2025-06-09T14:00:00Z',
    ARRAY['Vinhomes Grand Park', 'Vincom Mega Mall', 'khởi công', 'TP Thủ Đức'],
    'tin-tuc/du-an'
),
(
    'news-article-11',
    '5 lỗi phong thủy phòng bếp cần tránh để gia đình luôn hòa thuận, ấm êm',
    'Phòng bếp không chỉ là nơi nấu nướng mà còn là nơi "giữ lửa" cho gia đình. Tránh những lỗi phong thủy cơ bản sau đây sẽ giúp gia đình bạn luôn hạnh phúc và khỏe mạnh.',
    '5-loi-phong-thuy-phong-bep-can-tranh-de-gia-dinh-hoa-thuan',
    '<h2>Tầm quan trọng của phong thủy bếp</h2><p>Theo quan niệm phong thủy, bếp là nơi tượng trưng cho tài lộc và sức khỏe của cả nhà. Một phòng bếp có phong thủy tốt sẽ giúp gia tăng vượng khí. Dưới đây là 5 lỗi cần tránh:</p><h3>1. Bếp đặt đối diện cửa chính hoặc nhà vệ sinh</h3><p>Cửa chính là nơi luồng khí đi vào, bếp đặt đối diện sẽ khiến tài lộc thất thoát. Đặt bếp đối diện hoặc gần nhà vệ sinh (nơi có nhiều uế khí) sẽ ảnh hưởng xấu đến sức khỏe.</p><h3>2. Bếp và chậu rửa đối diện nhau</h3><p>Bếp (Hỏa) và chậu rửa (Thủy) xung khắc. Đặt chúng đối diện nhau dễ gây ra mâu thuẫn trong gia đình.</p><h3>3. Xà ngang đè lên bếp</h3><p>Vị trí đặt bếp nấu dưới xà ngang tạo cảm giác đè nén, ảnh hưởng đến sức khỏe của người nấu và tài vận của gia đình.</p><h3>4. Không gian bếp tối tăm, ẩm thấp</h3><p>Bếp cần luôn sáng sủa, sạch sẽ và thông thoáng để thu hút năng lượng tích cực.</p><h3>5. Để góc nhọn chĩa vào bếp</h3><p>Các góc nhọn từ bàn, tủ kệ chĩa thẳng vào khu vực bếp nấu tạo ra sát khí, không tốt cho gia chủ.</p>',
    'news-phong-thuy',
    '2025-06-13T05:40:31+07:00',
    ARRAY['phong thủy', 'nhà bếp', 'phong thủy nhà ở', 'gia đình', 'tài lộc'],
    'tin-tuc/phong-thuy'
),
(
    'news-article-12',
    'Thị trường bất động sản vùng ven TP.HCM sôi động trở lại',
    'Sau một thời gian im ắng, phân khúc nhà phố, biệt thự tại các khu vực như Long An, Đồng Nai, Bình Dương đang ghi nhận lượng giao dịch và sự quan tâm tăng mạnh trong quý II/2025.',
    'thi-truong-nha-pho-biet-thu-vung-ven-tphcm-soi-dong-tro-lai',
    '<h2>Đâu là nguyên nhân?</h2><p>Sự sôi động trở lại của thị trường vùng ven được lý giải bởi nhiều yếu tố. Thứ nhất, hạ tầng kết nối ngày càng hoàn thiện giúp rút ngắn thời gian di chuyển vào trung tâm. Thứ hai, quỹ đất tại TP.HCM ngày càng khan hiếm và đắt đỏ, khiến các nhà đầu tư và người mua ở thực dịch chuyển ra các khu vực lân cận.</p><h3>Sản phẩm đa dạng</h3><p>Các chủ đầu tư lớn như Novaland, Nam Long, Vingroup... cũng đã triển khai các khu đô thị quy mô lớn tại vùng ven, cung cấp các sản phẩm đa dạng từ nhà phố, biệt thự đến shophouse, đáp ứng nhu cầu của nhiều đối tượng khách hàng.</p><p>Các chuyên gia dự báo xu hướng này sẽ còn tiếp tục trong nửa cuối năm 2025.</p>',
    'news-thi-truong',
    '2025-06-12T15:00:00Z',
    ARRAY['nhà phố', 'biệt thự', 'vùng ven', 'Long An', 'Đồng Nai', 'Bình Dương'],
    'tin-tuc/thi-truong'
),
(
    'news-article-13',
    'Chọn hướng nhà hợp tuổi gia chủ năm 2025 (Giáp Thìn)',
    'Việc chọn hướng nhà phù hợp với tuổi và mệnh của gia chủ là yếu tố quan trọng hàng đầu trong phong thủy, giúp mang lại may mắn, tài lộc và sức khỏe.',
    'chon-huong-nha-hop-tuoi-gia-chu-nam-2025-giap-thin',
    '<h2>Nguyên tắc chọn hướng nhà</h2><p>Trong phong thủy Bát trạch, tuổi của gia chủ được chia thành hai nhóm: Đông tứ mệnh và Tây tứ mệnh. Mỗi nhóm sẽ có những hướng tốt (Sinh Khí, Diên Niên, Thiên Y, Phục Vị) và hướng xấu (Tuyệt Mệnh, Ngũ Quỷ, Lục Sát, Họa Hại) khác nhau.</p><h3>Gia chủ thuộc Đông tứ mệnh</h3><p>Gồm các quẻ Chấn, Tốn, Ly, Khảm. Hướng tốt là Bắc, Nam, Đông và Đông Nam.</p><h3>Gia chủ thuộc Tây tứ mệnh</h3><p>Gồm các quẻ Càn, Khôn, Cấn, Đoài. Hướng tốt là Tây, Tây Bắc, Tây Nam và Đông Bắc.</p><p>Để xác định mình thuộc nhóm mệnh nào, gia chủ cần dựa vào năm sinh âm lịch. Việc chọn đúng hướng sẽ giúp ngôi nhà đón được những luồng khí tốt, mang lại sự thịnh vượng cho cả gia đình.</p>',
    'news-phong-thuy',
    '2025-06-11T08:00:00Z',
    ARRAY['phong thủy', 'hướng nhà', 'mua nhà', 'tài lộc', 'Giáp Thìn 2025'],
    'tin-tuc/phong-thuy'
),
(
    'news-article-14',
    'Luật Kinh doanh Bất động sản (sửa đổi): Siết chặt quy định về đặt cọc',
    'Một trong những điểm mới đáng chú ý của Luật Kinh doanh Bất động sản (sửa đổi) có hiệu lực từ đầu năm 2025 là các quy định chặt chẽ hơn về việc nhận tiền đặt cọc của chủ đầu tư.',
    'luat-kinh-doanh-bds-sua-doi-siet-chat-quy-dinh-dat-coc',
    '<h2>Bảo vệ quyền lợi người mua nhà</h2><p>Theo quy định mới, chủ đầu tư chỉ được nhận đặt cọc từ khách hàng khi dự án đã đủ điều kiện đưa vào kinh doanh (ví dụ: đã có giấy phép xây dựng, hoàn thành phần móng...). Số tiền đặt cọc không được vượt quá một tỷ lệ phần trăm nhất định so với giá trị bất động sản.</p><h3>Tăng tính minh bạch</h3><p>Quy định này nhằm mục đích tăng tính minh bạch cho thị trường, ngăn chặn tình trạng chủ đầu tư huy động vốn trái phép khi dự án chưa đủ điều kiện pháp lý, từ đó bảo vệ quyền lợi và giảm thiểu rủi ro cho người mua nhà.</p><p>Các chuyên gia cho rằng đây là một bước tiến quan trọng, giúp thị trường phát triển lành mạnh và bền vững hơn.</p>',
    'news-chinh-sach',
    '2025-06-10T11:20:00Z',
    ARRAY['luật kinh doanh bất động sản', 'chính sách', 'pháp lý', 'đặt cọc', 'người mua nhà'],
    'tin-tuc/chinh-sach'
),
(
    'news-article-15',
    'Stella Mega City Cần Thơ bàn giao sổ đỏ cho cư dân phân khu The Ambi',
    'Sáng ngày 12/06/2025, chủ đầu tư KITA Group đã tổ chức lễ bàn giao Giấy chứng nhận quyền sử dụng đất cho hàng trăm cư dân tại phân khu The Ambi, khẳng định uy tín và pháp lý vững chắc của dự án.',
    'stella-mega-city-can-tho-ban-giao-so-do-phan-khu-the-ambi',
    '<h2>Niềm vui của các cư dân</h2><p>Sự kiện diễn ra trong không khí hân hoan. Nhiều cư dân bày tỏ sự vui mừng và tin tưởng khi nhận được sổ đỏ, minh chứng pháp lý cao nhất cho tài sản của mình. "Chúng tôi rất yên tâm khi đầu tư vào một dự án có pháp lý rõ ràng như Stella Mega City," một cư dân chia sẻ.</p><h3>Cam kết của chủ đầu tư</h3><p>Phát biểu tại buổi lễ, đại diện KITA Group khẳng định việc hoàn thành nghĩa vụ bàn giao sổ đỏ đúng tiến độ là ưu tiên hàng đầu của tập đoàn, thể hiện cam kết mạnh mẽ với khách hàng và các nhà đầu tư.</p><p>Dự án Stella Mega City được xem là một trong những khu đô thị kiểu mẫu tại TP. Cần Thơ, góp phần thay đổi diện mạo đô thị của thủ phủ miền Tây.</p>',
    'news-du-an',
    '2025-06-12T16:00:00Z',
    ARRAY['Stella Mega City', 'KITA Group', 'Cần Thơ', 'sổ đỏ', 'bàn giao'],
    'tin-tuc/du-an'
),
(
    'news-article-16',
    'Cách bố trí gương trong nhà để thu hút vượng khí và tránh hung khí',
    'Gương là một vật phẩm phong thủy mạnh mẽ, có khả năng nhân đôi năng lượng. Tuy nhiên, nếu đặt sai vị trí, gương có thể gây ra những ảnh hưởng tiêu cực. Hãy cùng tìm hiểu cách bố trí gương hợp lý.',
    'cach-bo-tri-guong-trong-nha-hop-phong-thuy',
    '<h2>Những vị trí nên đặt gương</h2><ul><li><b>Phòng ăn:</b> Đặt gương phản chiếu bàn ăn được cho là sẽ nhân đôi sự sung túc, ấm no của gia đình.</li><li><b>Hành lang hẹp:</b> Gương giúp tạo cảm giác không gian rộng và sáng hơn, lưu thông năng lượng tốt hơn.</li><li><b>Phản chiếu cảnh đẹp:</b> Đặt gương ở vị trí có thể phản chiếu cảnh quan đẹp bên ngoài như cây xanh, hồ nước để mang năng lượng tích cực vào nhà.</li></ul><h2>Những vị trí cần tránh</h2><ul><li><b>Đối diện cửa chính:</b> Sẽ đẩy năng lượng tốt và tài lộc ra ngoài.</li><li><b>Đối diện giường ngủ:</b> Dễ gây cảm giác bất an, ảnh hưởng đến chất lượng giấc ngủ và tình cảm vợ chồng.</li><li><b>Đối diện bếp nấu:</b> Sẽ nhân đôi yếu tố Hỏa, dễ gây hỏa hoạn hoặc nóng nảy.</li></ul>',
    'news-phong-thuy',
    '2025-06-09T18:00:00Z',
    ARRAY['phong thủy', 'gương', 'vượng khí', 'trang trí nội thất', 'phong thủy phòng ngủ'],
    'tin-tuc/phong-thuy'
),
(
    'news-article-17',
    'Hạ tầng giao thông khu Tây TP.HCM được nâng cấp, bất động sản hưởng lợi',
    'Các dự án hạ tầng trọng điểm như Vành đai 3, cao tốc Bến Lức - Long Thành và các tuyến Metro đang dần hoàn thiện, tạo ra một mạng lưới giao thông liên vùng thông suốt cho khu Tây, thúc đẩy giá trị bất động sản.',
    'ha-tang-giao-thong-khu-tay-tphcm-duoc-nang-cap',
    '<h2>Diện mạo mới cho khu Tây</h2><p>Khu Tây TP.HCM, bao gồm các quận Bình Tân, Tân Phú, và các huyện lân cận, từ lâu đã được xem là "vùng trũng" về giá so với các khu vực khác. Tuy nhiên, với sự đầu tư mạnh mẽ vào hạ tầng, khu vực này đang trỗi dậy mạnh mẽ.</p><h3>Các dự án tiêu biểu</h3><p>Việc khép kín Vành đai 3 sẽ giúp kết nối khu Tây với khu Đông và khu Nam một cách nhanh chóng. Cùng với đó, các dự án mở rộng quốc lộ, xây dựng hầm chui, cầu vượt đang làm thay đổi bộ mặt đô thị nơi đây.</p><p>Nhờ đó, nhiều dự án khu dân cư, căn hộ chung cư đã được hình thành, thu hút một lượng lớn cư dân về sinh sống.</p>',
    'news-chinh-sach',
    '2025-06-07T16:30:00Z',
    ARRAY['hạ tầng giao thông', 'khu Tây TP.HCM', 'Bình Tân', 'Vành đai 3', 'bất động sản'],
    'tin-tuc/chinh-sach'
),
(
    'news-article-18',
    'Sonasea Villas & Resort tại Phú Quốc ra mắt chuỗi tiện ích mới',
    'Nhằm nâng cao trải nghiệm nghỉ dưỡng cho du khách và cư dân, chủ đầu tư CEO Group vừa chính thức đưa vào hoạt động chuỗi tiện ích mới tại tổ hợp Sonasea Villas & Resort (Bãi Trường, Phú Quốc).',
    'sonasea-villas-resort-phu-quoc-ra-mat-tien-ich-moi',
    '<h2>Nâng tầm trải nghiệm nghỉ dưỡng</h2><p>Chuỗi tiện ích mới bao gồm một beach club hiện đại, khu spa và chăm sóc sức khỏe cao cấp, và một nhà hàng ẩm thực quốc tế với tầm nhìn trực diện ra biển.</p><h3>Beach Club sôi động</h3><p>Beach club được thiết kế với không gian mở, có hồ bơi vô cực và quầy bar, hứa hẹn là địa điểm tổ chức các sự kiện âm nhạc và giải trí sôi động vào buổi tối.</p><h3>Thư giãn tuyệt đối tại spa</h3><p>Khu spa cung cấp các liệu trình trị liệu đa dạng, kết hợp giữa phương pháp truyền thống và hiện đại, giúp du khách tái tạo năng lượng và thư giãn tuyệt đối.</p><p>Sự bổ sung này khẳng định vị thế của Sonasea Villas & Resort là một trong những điểm đến nghỉ dưỡng hàng đầu tại Đảo Ngọc.</p>',
    'news-du-an',
    '2025-06-06T11:00:00Z',
    ARRAY['Sonasea Villas & Resort', 'Phú Quốc', 'CEO Group', 'tiện ích', 'nghỉ dưỡng'],
    'tin-tuc/du-an'
),
(
    'news-article-19',
    'Dự báo thị trường bất động sản cuối năm 2025: Phân khúc nào sẽ dẫn dắt?',
    'Các chuyên gia đưa ra nhiều dự báo khác nhau về xu hướng thị trường bất động sản trong 6 tháng cuối năm 2025, trong đó, phân khúc nhà ở đáp ứng nhu cầu thực được cho là sẽ tiếp tục dẫn dắt thị trường.',
    'du-bao-thi-truong-bds-cuoi-nam-2025-phan-khuc-dan-dat',
    '<h2>Nhà ở thực lên ngôi</h2><p>Phân khúc căn hộ tầm trung và nhà phố trong các khu đô thị được quy hoạch bài bản, với mức giá hợp lý, sẽ tiếp tục thu hút sự quan tâm lớn từ những người có nhu cầu mua để ở. Các yếu tố như pháp lý, tiện ích và uy tín chủ đầu tư sẽ được đặt lên hàng đầu.</p><h3>Bất động sản công nghiệp tiếp tục tăng trưởng</h3><p>Với dòng vốn FDI ổn định, bất động sản công nghiệp và logistics vẫn là điểm sáng, duy trì đà tăng trưởng tốt.</p><h3>Thách thức và cơ hội</h3><p>Thị trường vẫn còn đối mặt với một số thách thức về nguồn vốn và pháp lý, tuy nhiên, đây cũng là giai đoạn để thị trường tự thanh lọc, hướng đến sự phát triển minh bạch và bền vững hơn.</p>',
    'news-thi-truong',
    '2025-06-05T09:00:00Z',
    ARRAY['dự báo thị trường', 'bất động sản 2025', 'nhà ở thực', 'căn hộ', 'bất động sản công nghiệp'],
    'tin-tuc/thi-truong'
),
(
    'news-article-20',
    'Tin tức, hình ảnh, video clip mới nhất về dự án Richstar',
    'Các chuyên gia đưa ra nhiều dự báo khác nhau về xu hướng thị trường bất động sản trong 6 tháng cuối năm 2025, trong đó, phân khúc nhà ở đáp ứng nhu cầu thực được cho là sẽ tiếp tục dẫn dắt thị trường.',
    'tin-tuc-richstar',
    '<h2>Nhà ở thực lên ngôi</h2><p>Theo đó, Thanh tra Chính phủ chỉ ra tại dự án Richstar Residence của CTCP Nova Richstar – công ty con của CTCP Tập đoàn Đầu tư Địa ốc No Va ( ...Phân khúc căn hộ tầm trung và nhà phố trong các khu đô thị được quy hoạch bài bản, với mức giá hợp lý, sẽ tiếp tục thu hút sự quan tâm lớn từ những người có nhu cầu mua để ở. Các yếu tố như pháp lý, tiện ích và uy tín chủ đầu tư sẽ được đặt lên hàng đầu.</p><h3>Bất động sản công nghiệp tiếp tục tăng trưởng</h3><p>Với dòng vốn FDI ổn định, bất động sản công nghiệp và logistics vẫn là điểm sáng, duy trì đà tăng trưởng tốt.</p><h3>Thách thức và cơ hội</h3><p>Thị trường vẫn còn đối mặt với một số thách thức về nguồn vốn và pháp lý, tuy nhiên, đây cũng là giai đoạn để thị trường tự thanh lọc, hướng đến sự phát triển minh bạch và bền vững hơn.</p>',
    'news-thi-truong',
    '2025-06-09T09:00:00Z',
    ARRAY['dự báo thị trường', 'bất động sản 2025', 'nhà ở thực', 'căn hộ', 'bất động sản công nghiệp'],
    'tin-tuc/thi-truong'
)
;
INSERT INTO "WikiArticle" (
    id, 
    title,
    description, 
    slug, 
    content, 
    wiki_topic_id, 
    published_date, 
    tags, 
    cached_topic_slug
) VALUES
(
    'wiki-article-11', 
    'Thủ tục sang tên sổ hồng khi mua bán nhà đất mới nhất 2025',
    'Tổng hợp quy trình, hồ sơ và các loại thuế phí cần nộp khi thực hiện thủ tục sang tên sổ hồng, sổ đỏ khi mua bán nhà đất.',
    'thu-tuc-sang-ten-so-hong-khi-mua-ban-nha-dat-2025',
    '<h2>Các bước thực hiện sang tên Sổ hồng</h2><p>Để thực hiện thủ tục sang tên sổ hồng, bên mua và bên bán cần chuẩn bị đầy đủ các giấy tờ tùy thân như CCCD, sổ hộ khẩu và các giấy tờ liên quan đến bất động sản. Việc này đảm bảo quá trình diễn ra thuận lợi và đúng pháp luật.</p><h3>Bước 1: Công chứng Hợp đồng Mua bán</h3><p>Hai bên cần đến một văn phòng công chứng hợp pháp để lập và công chứng hợp đồng chuyển nhượng quyền sử dụng đất và tài sản gắn liền với đất.</p><h4>Hồ sơ cần chuẩn bị:</h4><ul><li>Bên bán: Sổ hồng (bản gốc), CCCD, giấy xác nhận tình trạng hôn nhân.</li><li>Bên mua: CCCD, giấy xác nhận tình trạng hôn nhân.</li></ul><h3>Bước 2: Kê khai và Nộp nghĩa vụ tài chính</h3><p>Sau khi có hợp đồng công chứng, hai bên tiến hành kê khai và nộp các loại thuế, phí tại chi cục thuế địa phương.</p><h2>Bảng ước tính các loại thuế phí chính</h2><table><thead><tr><th>Loại phí/thuế</th><th>Mức thu</th><th>Bên chịu trách nhiệm</th></tr></thead><tbody><tr><td>Lệ phí trước bạ</td><td>0.5%</td><td>Bên mua (hoặc theo thỏa thuận)</td></tr><tr><td>Thuế thu nhập cá nhân (TNCN)</td><td>2%</td><td>Bên bán (hoặc theo thỏa thuận)</td></tr></tbody></table>',
    'wiki-phap-ly',
    '2025-01-15T11:00:00Z',  
    ARRAY['sổ hồng', 'pháp lý', 'mua bán nhà đất', 'thủ tục'], 
    'wiki/phap-ly'
),
(
    'wiki-article-13',
    'Phân biệt Sổ hồng và Sổ đỏ: Những điều cần biết',
    'Giải thích rõ ràng sự khác biệt về tên gọi pháp lý, cơ quan cấp và loại hình bất động sản của Sổ đỏ và Sổ hồng.',
    'phan-biet-so-hong-va-so-do',
    '<h2>Sổ đỏ và Sổ hồng là gì?</h2><p>Sổ đỏ và Sổ hồng là cách gọi phổ biến của người dân, dựa trên màu sắc của giấy chứng nhận. Về mặt pháp lý, chúng có những điểm khác biệt cốt lõi.</p><h3>Sổ đỏ</h3><ul><li>Tên pháp lý: Giấy chứng nhận quyền sử dụng đất.</li><li>Cơ quan cấp: UBND cấp huyện.</li><li>Loại hình đất: Chủ yếu là đất ở nông thôn, đất nông nghiệp.</li></ul><h3>Sổ hồng</h3><ul><li>Tên pháp lý: Giấy chứng nhận quyền sử dụng đất, quyền sở hữu nhà ở và tài sản khác gắn liền với đất.</li><li>Cơ quan cấp: Sở Tài nguyên và Môi trường.</li><li>Loại hình đất: Đất ở đô thị, nhà chung cư, các dự án phát triển nhà ở.</li></ul><p>Từ ngày 10/12/2009, Việt Nam đã thống nhất sử dụng một mẫu giấy chứng nhận chung (thường được gọi là sổ hồng mới) cho tất cả các loại hình đất và tài sản gắn liền.</p>',
    'wiki-phap-ly', 
    '2025-03-10T09:00:00Z',
    ARRAY['sổ đỏ', 'sổ hồng', 'pháp lý', 'phân biệt'],
    'wiki/phap-ly'
),
(
    'wiki-article-01',
    'Sổ hồng và Sổ đỏ khác nhau như thế nào? Hướng dẫn phân biệt chi tiết',
    'Sổ hồng và sổ đỏ là những thuật ngữ quen thuộc nhưng không phải ai cũng phân biệt được. Bài viết này sẽ giúp bạn hiểu rõ bản chất pháp lý và sự khác biệt giữa hai loại giấy tờ này.',
    'so-hong-va-so-do-khac-nhau-nhu-the-nao',
    '<h2>Bản chất và lịch sử</h2><p>Trước ngày 10/12/2009, Việt Nam tồn tại hai loại giấy chứng nhận chính:</p><ul><li><b>Sổ đỏ:</b> Tên gọi đầy đủ là "Giấy chứng nhận quyền sử dụng đất", do Bộ Tài nguyên và Môi trường ban hành, bìa màu đỏ. Loại sổ này chủ yếu cấp cho đất ở nông thôn, đất nông nghiệp, lâm nghiệp...</li><li><b>Sổ hồng:</b> Tên gọi đầy đủ là "Giấy chứng nhận quyền sở hữu nhà ở và quyền sử dụng đất ở", do Bộ Xây dựng ban hành, bìa màu hồng. Loại sổ này chủ yếu cấp cho nhà đất tại khu vực đô thị.</li></ul><h3>Mẫu giấy chứng nhận thống nhất từ 2009</h3><p>Từ ngày 10/12/2009, Chính phủ đã thống nhất sử dụng một mẫu Giấy chứng nhận duy nhất (do Bộ Tài nguyên và Môi trường ban hành) có bìa màu hồng cánh sen, áp dụng trên cả nước. Tên gọi pháp lý đầy đủ của nó là "Giấy chứng nhận quyền sử dụng đất, quyền sở hữu nhà ở và tài sản khác gắn liền với đất".</p><p>Do đó, các sổ đỏ, sổ hồng được cấp trước ngày 10/12/2009 vẫn có giá trị pháp lý tương đương và không bắt buộc phải đổi sang mẫu mới.</p>',
    'wiki-phap-ly',
    '2025-06-13T05:47:13+07:00',
    ARRAY['sổ hồng', 'sổ đỏ', 'pháp lý bất động sản', 'giấy chứng nhận', 'quyền sử dụng đất'],
    'wiki/phap-ly'
),
(
    'wiki-article-02',
    '5 tiêu chí vàng để chọn một dự án bất động sản tiềm năng',
    'Đầu tư bất động sản thành công đòi hỏi sự nghiên cứu kỹ lưỡng. Dưới đây là 5 tiêu chí quan trọng nhất giúp nhà đầu tư đánh giá và lựa chọn một dự án có tiềm năng sinh lời cao.',
    '5-tieu-chi-vang-chon-du-an-bat-dong-san-tiem-nang',
    '<h2>Các tiêu chí đánh giá cốt lõi</h2><p>Để giảm thiểu rủi ro và tối đa hóa lợi nhuận, nhà đầu tư cần xem xét kỹ các yếu tố sau:</p><ol><li><b>Vị trí:</b> Vị trí là yếu tố quan trọng nhất, quyết định giá trị và tiềm năng tăng giá. Hãy xem xét các yếu tố như "nhất cận thị, nhị cận giang, tam cận lộ".</li><li><b>Pháp lý dự án:</b> Dự án phải có đầy đủ các giấy tờ cần thiết như giấy phép xây dựng, quy hoạch chi tiết 1/500, giấy chứng nhận quyền sử dụng đất của chủ đầu tư...</li><li><b>Uy tín chủ đầu tư:</b> Năng lực tài chính, kinh nghiệm triển khai và lịch sử bàn giao các dự án trước đó của chủ đầu tư là một bảo chứng quan trọng.</li><li><b>Tiềm năng hạ tầng tương lai:</b> Các kế hoạch xây dựng cầu, đường, metro, sân bay... trong tương lai gần sẽ là cú hích lớn cho giá trị bất động sản khu vực đó.</li><li><b>Tiện ích và Môi trường sống:</b> Một dự án có đầy đủ tiện ích nội khu (trường học, bệnh viện, công viên, TTTM) và cộng đồng văn minh sẽ có tính thanh khoản cao và dễ cho thuê.</li></ol>',
    'wiki-dau-tu',
    '2025-06-12T10:00:00Z',
    ARRAY['kinh nghiệm đầu tư', 'tiêu chí chọn dự án', 'đầu tư bất động sản', 'sinh lời', 'phân tích dự án'],
    'wiki/dau-tu'
),
(
    'wiki-article-03',
    'Hướng dẫn tính lãi suất vay mua nhà: Cố định và thả nổi',
    'Hiểu rõ cách tính lãi suất cố định và thả nổi sẽ giúp bạn lựa chọn gói vay mua nhà phù hợp và chủ động trong kế hoạch tài chính của mình.',
    'huong-dan-tinh-lai-suat-vay-mua-nha-co-dinh-va-tha-noi',
    '<h2>Lãi suất cố định là gì?</h2><p>Là mức lãi suất không thay đổi trong một khoảng thời gian nhất định (ví dụ 1, 2, 3 năm đầu) theo thỏa thuận trong hợp đồng tín dụng. Ưu điểm là giúp bạn ổn định số tiền trả góp hàng tháng, dễ dàng lên kế hoạch tài chính.</p><h2>Lãi suất thả nổi là gì?</h2><p>Là mức lãi suất sẽ được điều chỉnh định kỳ (thường là 3, 6 hoặc 12 tháng một lần) theo biến động của thị trường. Công thức tính thường là: <b>Lãi suất thả nổi = Lãi suất cơ sở (hoặc lãi suất tiết kiệm) + Biên độ dao động</b>. Ưu điểm là có thể được hưởng lợi khi lãi suất thị trường giảm, nhưng cũng có rủi ro khi lãi suất tăng.</p><h3>Nên chọn loại nào?</h3><p>Việc lựa chọn phụ thuộc vào khả năng chấp nhận rủi ro và dự báo của bạn về thị trường. Nhiều người chọn gói vay kết hợp: cố định trong thời gian đầu và thả nổi trong thời gian còn lại.</p>',
    'wiki-tai-chinh',
    '2025-06-11T14:30:00Z',
    ARRAY['vay mua nhà', 'lãi suất ngân hàng', 'tài chính cá nhân', 'gói vay', 'lãi suất cố định', 'lãi suất thả nổi'],
    'wiki/tai-chinh'
),
(
    'wiki-article-04',
    'Xu hướng thiết kế nội thất căn hộ nhỏ tối ưu không gian năm 2025',
    'Làm thế nào để căn hộ nhỏ trở nên rộng rãi và tiện nghi? Khám phá những xu hướng thiết kế nội thất thông minh giúp tối ưu hóa không gian sống của bạn.',
    'xu-huong-thiet-ke-noi-that-can-ho-nho-toi-uu-khong-gian-2025',
    '<h2>Các giải pháp thông minh cho không gian nhỏ</h2><p>Năm 2025 chứng kiến sự lên ngôi của các giải pháp thiết kế tập trung vào công năng và sự linh hoạt:</p><ul><li><b>Nội thất đa năng:</b> Giường ngủ kết hợp tủ quần áo, bàn ăn có thể gấp gọn, sofa giường... là những lựa chọn hàng đầu.</li><li><b>Không gian mở:</b> Phá bỏ các vách ngăn không cần thiết giữa phòng khách, bếp và phòng ăn để tạo cảm giác không gian liền mạch, rộng rãi.</li><li><b>Sử dụng màu sắc sáng:</b> Các gam màu trắng, kem, be, pastel giúp "đánh lừa" thị giác, làm cho căn phòng có vẻ lớn hơn.</li><li><b>Tận dụng gương và kính:</b> Gương lớn không chỉ để trang trí mà còn có tác dụng phản chiếu ánh sáng và nhân đôi không gian.</li><li><b>Phong cách tối giản (Minimalism):</b> Hạn chế đồ đạc, chỉ giữ lại những gì thực sự cần thiết để không gian luôn gọn gàng, thoáng đãng.</li></ul>',
    'wiki-kien-truc',
    '2025-06-10T09:00:00Z',
    ARRAY['thiết kế nội thất', 'căn hộ nhỏ', 'tối ưu không gian', 'xu hướng 2025', 'nội thất thông minh'],
    'wiki/kien-truc'
),
(
    'wiki-article-05',
    'Thế nào là một căn hộ có phong thủy tốt?',
    'Chọn mua một căn hộ không chỉ dựa vào vị trí hay giá cả. Một căn hộ có phong thủy tốt sẽ mang lại may mắn và sức khỏe. Dưới đây là những yếu tố cần xem xét.',
    'the-nao-la-mot-can-ho-co-phong-thuy-tot',
    '<h2>Các yếu tố phong thủy quan trọng của căn hộ</h2><ol><li><b>Minh đường (View từ ban công):</b> Phía trước ban công cần quang đãng, sáng sủa, có tầm nhìn xa. Lý tưởng nhất là nhìn ra công viên, hồ nước. Tránh view nhìn vào góc nhọn của tòa nhà khác, nghĩa trang, hoặc nơi ô nhiễm.</li><li><b>Hình dáng căn hộ:</b> Nên chọn căn hộ có hình dáng vuông vức (hình chữ nhật hoặc hình vuông), tránh các căn bị khuyết góc, méo mó vì sẽ làm mất cân bằng năng lượng.</li><li><b>Cửa chính:</b> Cửa chính không nên đối diện thẳng với thang máy, cầu thang bộ, cửa nhà đối diện hoặc hành lang quá dài. Đây là những vị trí dễ gây thất thoát tài lộc.</li><li><b>Bố cục bên trong:</b> Cửa nhà vệ sinh không nên đối diện cửa chính hoặc giường ngủ. Bếp và chậu rửa không nên đặt đối diện nhau.</li></ol><p>Một căn hộ đáp ứng được các yếu tố trên sẽ giúp thu hút vượng khí, mang lại may mắn cho gia chủ.</p>',
    'wiki-phong-thuy',
    '2025-06-09T11:00:00Z',
    ARRAY['phong thủy căn hộ', 'chọn nhà', 'minh đường', 'vượng khí', 'phong thủy nhà ở'],
    'wiki/phong-thuy'
),
(
    'wiki-article-06',
    'Các loại thuế, phí cần biết khi mua bán nhà đất',
    'Khi thực hiện giao dịch mua bán nhà đất, cả người mua và người bán đều cần nắm rõ các loại thuế, phí phải nộp để tránh phát sinh chi phí không đáng có và hoàn tất thủ tục nhanh chóng.',
    'cac-loai-thue-phi-can-biet-khi-mua-ban-nha-dat',
    '<h2>Nghĩa vụ của người bán</h2><p><b>Thuế thu nhập cá nhân (TNCN):</b> Thường là 2% trên giá trị chuyển nhượng ghi trên hợp đồng. Một số trường hợp được miễn thuế TNCN (ví dụ: là tài sản duy nhất).</p><h2>Nghĩa vụ của người mua</h2><p><b>Lệ phí trước bạ:</b> Mức nộp là 0.5% trên giá trị nhà đất (theo khung giá của nhà nước hoặc giá trên hợp đồng, tùy giá nào cao hơn).</p><h2>Các loại phí khác</h2><ul><li><b>Phí công chứng:</b> Tính theo % giá trị tài sản, được quy định trong biểu phí của các tổ chức hành nghề công chứng.</li><li><b>Phí thẩm định hồ sơ:</b> Do cơ quan đăng ký quyền sử dụng đất thu khi làm thủ tục sang tên.</li><li><b>Phí cấp Giấy chứng nhận:</b> Lệ phí để được cấp sổ hồng/sổ đỏ mới.</li></ul><p>Việc nắm rõ các khoản này giúp hai bên chuẩn bị tài chính và thỏa thuận rõ ràng trong hợp đồng.</p>',
    'wiki-phap-ly',
    '2025-06-08T16:00:00Z',
    ARRAY['thuế nhà đất', 'lệ phí trước bạ', 'phí công chứng', 'giao dịch bất động sản', 'sang tên sổ đỏ'],
    'wiki/phap-ly'
),
(
    'wiki-article-07',
    'Đòn bẩy tài chính trong đầu tư bất động sản: Nên hay không?',
    'Sử dụng đòn bẩy tài chính, tức vay vốn ngân hàng để đầu tư, là một chiến lược phổ biến. Tuy nhiên, đây là một con dao hai lưỡi đòi hỏi nhà đầu tư phải tính toán cẩn thận.',
    'don-bay-tai-chinh-trong-dau-tu-bat-dong-san',
    '<h2>Ưu điểm của đòn bẩy tài chính</h2><p>Ưu điểm lớn nhất là giúp nhà đầu tư có thể sở hữu tài sản có giá trị lớn hơn nhiều so với số vốn tự có, từ đó tối đa hóa lợi nhuận khi giá bất động sản tăng.</p><h2>Rủi ro cần lường trước</h2><ul><li><b>Áp lực trả lãi:</b> Đây là rủi ro lớn nhất. Nếu thị trường đi xuống hoặc tài sản không tạo ra dòng tiền cho thuê như kỳ vọng, nhà đầu tư vẫn phải trả lãi và gốc đúng hạn.</li><li><b>Rủi ro thanh khoản:</b> Khi cần bán gấp để trả nợ nhưng thị trường trầm lắng, nhà đầu tư có thể phải bán cắt lỗ.</li><li><b>Rủi ro lãi suất thả nổi:</b> Nếu lãi suất thị trường tăng, gánh nặng trả nợ hàng tháng cũng sẽ tăng theo.</li></ul><h3>Lời khuyên</h3><p>Chỉ nên sử dụng đòn bẩy khi bạn đã có một kế hoạch tài chính rõ ràng, dòng tiền ổn định và tỷ lệ vay không nên quá 50% giá trị tài sản để đảm bảo an toàn.</p>',
    'wiki-dau-tu',
    '2025-06-07T14:00:00Z',
    ARRAY['đòn bẩy tài chính', 'kinh nghiệm đầu tư', 'vay ngân hàng', 'quản lý rủi ro', 'đầu tư BĐS'],
    'wiki/dau-tu'
),
(
    'wiki-article-08',
    'Phong cách nội thất Wabi Sabi: Vẻ đẹp từ sự không hoàn hảo',
    'Trái ngược với sự hào nhoáng, Wabi Sabi là triết lý sống và phong cách thiết kế của Nhật Bản, tôn vinh vẻ đẹp của những thứ không hoàn hảo, vô thường và dở dang.',
    'phong-cach-noi-that-wabi-sabi-ve-dep-tu-su-khong-hoan-hao',
    '<h2>Đặc trưng của phong cách Wabi Sabi</h2><ul><li><b>Vật liệu tự nhiên, thô mộc:</b> Gỗ, đá, kim loại, vải lanh, gốm sứ... là những vật liệu được ưa chuộng. Chúng thường giữ lại vẻ đẹp nguyên bản, có phần cũ kỹ.</li><li><b>Màu sắc trung tính:</b> Các gam màu đất, màu của tự nhiên như be, nâu, xám, xanh rêu... tạo cảm giác bình yên, tĩnh tại.</li><li><b>Đồ vật tối giản, có câu chuyện:</b> Không gian Wabi Sabi không có nhiều đồ đạc. Mỗi vật dụng đều được lựa chọn cẩn thận, thường là đồ thủ công hoặc có dấu ấn của thời gian.</li><li><b>Tôn trọng sự không hoàn hảo:</b> Một vết nứt trên chiếc bình gốm, một mảng tường loang lổ không phải là khuyết điểm mà là một phần của vẻ đẹp, của câu chuyện.</li></ul><p>Phong cách này mang đến một không gian sống chân thực, bình dị và sâu lắng, giúp con người tìm thấy sự bình yên trong tâm hồn.</p>',
    'wiki-kien-truc',
    '2025-06-06T11:30:00Z',
    ARRAY['Wabi Sabi', 'phong cách nội thất', 'thiết kế tối giản', 'triết lý sống', 'vật liệu tự nhiên'],
    'wiki/kien-truc'
),
(
    'wiki-article-09',
    'Hợp đồng đặt cọc và những điều cần kiểm tra kỹ trước khi ký',
    'Hợp đồng đặt cọc là bước pháp lý quan trọng đầu tiên trong quá trình mua bán nhà đất. Việc kiểm tra kỹ các điều khoản sẽ giúp bạn bảo vệ quyền lợi và tránh những tranh chấp sau này.',
    'hop-dong-dat-coc-nhung-dieu-can-kiem-tra-ky-truoc-khi-ky',
    '<h2>Các nội dung bắt buộc phải có</h2><ol><li><b>Thông tin các bên:</b> Họ tên, CMND/CCCD, địa chỉ, số điện thoại của bên bán và bên mua phải đầy đủ và chính xác.</li><li><b>Thông tin tài sản:</b> Địa chỉ, số thửa, số tờ bản đồ, diện tích, thông tin về giấy chứng nhận (sổ hồng/sổ đỏ) phải được ghi rõ ràng, khớp với giấy tờ gốc.</li><li><b>Số tiền đặt cọc:</b> Ghi rõ bằng số và bằng chữ.</li><li><b>Giá chuyển nhượng:</b> Tổng giá trị mua bán của bất động sản.</li><li><b>Thời gian và phương thức thanh toán:</b> Quy định rõ các đợt thanh toán và hình thức (tiền mặt hay chuyển khoản).</li><li><b>Thời gian ký hợp đồng công chứng:</b> Một mốc thời gian cụ thể để hai bên ra văn phòng công chứng ký hợp đồng chuyển nhượng chính thức.</li><li><b>Điều khoản phạt cọc:</b> Đây là điều khoản quan trọng nhất. Thỏa thuận rõ nếu bên bán không bán nữa thì sẽ đền cọc như thế nào (thường là gấp đôi), và nếu bên mua không mua nữa thì sẽ mất cọc.</li></ol><p>Luôn đọc kỹ từng chữ và yêu cầu sửa đổi nếu có điều khoản nào bất lợi hoặc không rõ ràng trước khi đặt bút ký.</p>',
    'wiki-phap-ly',
    '2025-06-05T17:00:00Z',
    ARRAY['hợp đồng đặt cọc', 'pháp lý', 'mua bán nhà đất', 'công chứng', 'hợp đồng'],
    'wiki/phap-ly'
);
-- DÁN DÒNG NÀY VÀO CUỐI CÙNG CỦA FILE se2.sql
SELECT refresh_all_fts_documents();